month,asmchta_date,due_date,hen_negdi,pal_code,record_id,year,line,acc_code,cust_id,record_schum,hatama,sort_code,pratim,asmacta1,asmacta2,hatama_sign,hatama_bank,cartis_code_id,schum_hova,schum_zchut,zmani,int1,cust_lname,cust_fname,pre1_phone,phone1,contact1,bs_item_id,bs_item_name,bs_group_id,bs_group_name,bs_group_type,project_id,pending,show_ytra
,,,,1,,2022,,,41,,,,יתרת פתיחה,,,,,,65895297.1,65708243.95,,1,בנק הפועלים ,חשבון 200403,,,,1000,מזומנים ושווי מזומנים,1000,רכוש שוטף,1,,0,0
3,04/01/2022,04/01/2022,39,1,19625,2022,7,2,41,10,0,3,עמ מסלול,,,0,1087,99,0,10,0,1,בנק הפועלים ,חשבון 200403,,,,1000,מזומנים ושווי מזומנים,1000,רכוש שוטף,1,,0,0
3,10/01/2022,10/01/2022,20066,1,19627,2022,8,2,41,2132.91,0,3,כלל חיים,,,0,1087,99,0,2132.91,0,1,בנק הפועלים ,חשבון 200403,,,,1000,מזומנים ושווי מזומנים,1000,רכוש שוטף,1,,0,0
1,16/01/2022,16/01/2022,83,1,19576,2022,8,2,41,1170,0,3,תשלום,10546,,0,1086,99,0,1170,0,1,בנק הפועלים ,חשבון 200403,,,,1000,מזומנים ושווי מזומנים,1000,רכוש שוטף,1,,0,0
3,16/01/2022,16/01/2022,51,1,19629,2022,9,2,41,5374.86,0,3,א.אקספרס,,,0,1089,99,0,5374.86,0,1,בנק הפועלים ,חשבון 200403,,,,1000,מזומנים ושווי מזומנים,1000,רכוש שוטף,1,,0,0
3,16/01/2022,16/01/2022,150,1,19630,2022,10,1,41,3857.35,0,3,3920 בזן אגח י,,,0,1088,99,3857.35,0,0,1,בנק הפועלים ,חשבון 200403,,,,1000,מזומנים ושווי מזומנים,1000,רכוש שוטף,1,,0,0
3,16/01/2022,16/01/2022,150,1,19632,2022,11,1,41,9842.18,0,3,10000 בזן אגח י,,,0,1088,99,9842.18,0,0,1,בנק הפועלים ,חשבון 200403,,,,1000,מזומנים ושווי מזומנים,1000,רכוש שוטף,1,,0,0
3,16/01/2022,16/01/2022,150,1,19634,2022,12,1,41,13388.61,0,3,13585.38 בזן אגח י,,,0,1088,99,13388.61,0,0,1,בנק הפועלים ,חשבון 200403,,,,1000,מזומנים ושווי מזומנים,1000,רכוש שוטף,1,,0,0
3,17/01/2022,17/01/2022,150,1,19636,2022,13,1,41,9848.17,0,3,10000 בזן אגח י,,,0,1090,99,9848.17,0,0,1,בנק הפועלים ,חשבון 200403,,,,1000,מזומנים ושווי מזומנים,1000,רכוש שוטף,1,,0,0
3,17/01/2022,17/01/2022,150,1,19638,2022,14,1,41,14673.3,0,3,14898 בזן אגח י,,,0,1090,99,14673.3,0,0,1,בנק הפועלים ,חשבון 200403,,,,1000,מזומנים ושווי מזומנים,1000,רכוש שוטף,1,,0,0
3,17/01/2022,17/01/2022,150,1,19641,2022,15,2,41,52013.76,0,3,47380 קסם אקסלנס ממשלתי צמוד,,,0,1090,99,0,52013.76,0,1,בנק הפועלים ,חשבון 200403,,,,1000,מזומנים ושווי מזומנים,1000,רכוש שוטף,1,,0,0
3,19/01/2022,19/01/2022,52,1,19642,2022,16,1,41,2941,0,3,"החזר מע""מ",,,0,1091,99,2941,0,0,1,בנק הפועלים ,חשבון 200403,,,,1000,מזומנים ושווי מזומנים,1000,רכוש שוטף,1,,0,0
3,31/01/2022,31/01/2022,39,1,19645,2022,17,2,41,4246.58,0,3,רבית הלוואה,,,0,1091,99,0,4246.58,0,1,בנק הפועלים ,חשבון 200403,,,,1000,מזומנים ושווי מזומנים,1000,רכוש שוטף,1,,0,0
3,03/02/2022,03/02/2022,39,1,19647,2022,18,2,41,10,0,3,עמ מסלול,,,0,1091,99,0,10,0,1,בנק הפועלים ,חשבון 200403,,,,1000,מזומנים ושווי מזומנים,1000,רכוש שוטף,1,,0,0
3,10/02/2022,10/02/2022,20066,1,19649,2022,19,2,41,2139.32,0,3,כלל חיוב,,,0,1091,99,0,2139.32,0,1,בנק הפועלים ,חשבון 200403,,,,1000,מזומנים ושווי מזומנים,1000,רכוש שוטף,1,,0,0
3,15/02/2022,15/02/2022,51,1,19651,2022,20,2,41,3130.53,0,3,א.אקספרס,,,0,1091,99,0,3130.53,0,1,בנק הפועלים ,חשבון 200403,,,,1000,מזומנים ושווי מזומנים,1000,רכוש שוטף,1,,0,0
2,16/02/2022,16/02/2022,43,1,19597,2022,2,2,41,1246,0,3,פרסום בגדי ספורט,676,,0,1086,99,0,1246,0,1,בנק הפועלים ,חשבון 200403,,,,1000,מזומנים ושווי מזומנים,1000,רכוש שוטף,1,,0,0
4,20/02/2022,20/02/2022,20151,1,19806,2022,52,2,41,80000,0,3,העברה,,,0,0,99,0,80000,0,1,בנק הפועלים ,חשבון 200403,,,,1000,מזומנים ושווי מזומנים,1000,רכוש שוטף,1,,0,0
3,28/02/2022,28/02/2022,40,1,19652,2022,21,1,41,990.1,0,3,רבית פתאל אגח ג,,,0,1092,99,990.1,0,0,1,בנק הפועלים ,חשבון 200403,,,,1000,מזומנים ושווי מזומנים,1000,רכוש שוטף,1,,0,0
3,28/02/2022,28/02/2022,39,1,19655,2022,22,2,41,3835.62,0,3,רבית הלוואה,,,0,1092,99,0,3835.62,0,1,בנק הפועלים ,חשבון 200403,,,,1000,מזומנים ושווי מזומנים,1000,רכוש שוטף,1,,0,0
3,03/03/2022,03/03/2022,39,1,19657,2022,23,2,41,10,0,3,עמ מסלול,,,0,1092,99,0,10,0,1,בנק הפועלים ,חשבון 200403,,,,1000,מזומנים ושווי מזומנים,1000,רכוש שוטף,1,,0,0
4,09/03/2022,09/03/2022,20151,1,19687,2022,1,2,41,408,0,3,מוצאות חיוב,,,0,1093,99,0,408,0,1,בנק הפועלים ,חשבון 200403,,,,1000,מזומנים ושווי מזומנים,1000,רכוש שוטף,1,,0,0
3,10/03/2022,10/03/2022,20066,1,19659,2022,24,2,41,2143.37,0,3,כלל חיים,,,0,1092,99,0,2143.37,0,1,בנק הפועלים ,חשבון 200403,,,,1000,מזומנים ושווי מזומנים,1000,רכוש שוטף,1,,0,0
4,13/03/2022,13/03/2022,65,1,19733,2022,21,1,41,50000,0,3,הלוואת בעלים,,,0,1094,99,50000,0,0,1,בנק הפועלים ,חשבון 200403,,,,1000,מזומנים ושווי מזומנים,1000,רכוש שוטף,1,,0,0
3,15/03/2022,15/03/2022,51,1,19661,2022,25,2,41,4761.93,0,3,א.אקספרס,,,0,1095,99,0,4761.93,0,1,בנק הפועלים ,חשבון 200403,,,,1000,מזומנים ושווי מזומנים,1000,רכוש שוטף,1,,0,0
4,16/03/2022,16/03/2022,150,1,19735,2022,22,1,41,72474.38,0,3,"3,809 בנק דיסקונט",691212,,0,1098,99,72474.38,0,0,1,בנק הפועלים ,חשבון 200403,,,,1000,מזומנים ושווי מזומנים,1000,רכוש שוטף,1,,0,0
4,16/03/2022,16/03/2022,150,1,19737,2022,23,1,41,24836.41,0,3,"1,306 בנק דיסקונט",691212,,0,1096,99,24836.41,0,0,1,בנק הפועלים ,חשבון 200403,,,,1000,מזומנים ושווי מזומנים,1000,רכוש שוטף,1,,0,0
4,16/03/2022,16/03/2022,150,1,19739,2022,24,1,41,22662.99,0,3,"17,086 הראל תא טכנולגי",1161827,,0,1098,99,22662.99,0,0,1,בנק הפועלים ,חשבון 200403,,,,1000,מזומנים ושווי מזומנים,1000,רכוש שוטף,1,,0,0
4,16/03/2022,16/03/2022,150,1,19741,2022,25,1,41,94810.39,0,3,"71,533  הראל תא טכנולגי",1161827,,0,1098,99,94810.39,0,0,1,בנק הפועלים ,חשבון 200403,,,,1000,מזומנים ושווי מזומנים,1000,רכוש שוטף,1,,0,0
4,16/03/2022,16/03/2022,181,1,19744,2022,26,2,41,100000,0,3,פקדון,,,0,1099,99,0,100000,0,1,בנק הפועלים ,חשבון 200403,,,,1000,מזומנים ושווי מזומנים,1000,רכוש שוטף,1,,0,0
4,16/03/2022,16/03/2022,150,1,19746,2022,27,2,41,54632.86,0,3,"42,751 AEROSPACE",5127055,,0,1097,99,0,54632.86,0,1,בנק הפועלים ,חשבון 200403,,,,1000,מזומנים ושווי מזומנים,1000,רכוש שוטף,1,,0,0
4,16/03/2022,16/03/2022,150,1,19748,2022,28,2,41,60634.93,0,3,"27,654 BLOOMBERG קסם",5133699,,0,1097,99,0,60634.93,0,1,בנק הפועלים ,חשבון 200403,,,,1000,מזומנים ושווי מזומנים,1000,רכוש שוטף,1,,0,0
3,17/03/2022,17/03/2022,20197,1,19621,2022,5,2,41,46332,0,3,העברה קורן אילת,50601,,0,1100,99,0,46332,0,1,בנק הפועלים ,חשבון 200403,,,,1000,מזומנים ושווי מזומנים,1000,רכוש שוטף,1,,0,0
4,20/03/2022,20/03/2022,150,1,19749,2022,29,1,41,2569.09,0,3,"2,504.8 ריט 1 אגח ז",1171271,,0,1103,99,2569.09,0,0,1,בנק הפועלים ,חשבון 200403,,,,1000,מזומנים ושווי מזומנים,1000,רכוש שוטף,1,,0,0
4,20/03/2022,20/03/2022,40,1,19751,2022,30,1,41,810.95,0,3,"רבית ני""ע ריט 1 אגח ז",1171271,,0,1102,99,810.95,0,0,1,בנק הפועלים ,חשבון 200403,,,,1000,מזומנים ושווי מזומנים,1000,רכוש שוטף,1,,0,0
3,20/03/2022,20/03/2022,83,1,19674,2022,31,2,41,585,0,3,העברה,,,0,1101,99,0,585,0,1,בנק הפועלים ,חשבון 200403,,,,1000,מזומנים ושווי מזומנים,1000,רכוש שוטף,1,,0,0
3,20/03/2022,20/03/2022,150,1,19790,2022,33,2,41,0.03,0,3,הפרש פדיון ריט 1,1171271,,0,1103,99,0,0.03,0,1,בנק הפועלים ,חשבון 200403,,,,1000,מזומנים ושווי מזומנים,1000,רכוש שוטף,1,,0,0
4,24/03/2022,24/03/2022,52,1,19753,2022,31,1,41,1481,0,3,"החזר מע""מ",,,0,1104,99,1481,0,0,1,בנק הפועלים ,חשבון 200403,,,,1000,מזומנים ושווי מזומנים,1000,רכוש שוטף,1,,0,0
3,30/03/2022,30/03/2022,20235,1,19616,2022,3,2,41,4778,0,3,העברה ,13890,,0,1106,99,0,4778,0,1,בנק הפועלים ,חשבון 200403,,,,1000,מזומנים ושווי מזומנים,1000,רכוש שוטף,1,,0,0
4,31/03/2022,31/03/2022,39,1,19756,2022,32,2,41,4.79,0,3,עמ אשראי,,,0,1105,99,0,4.79,0,1,בנק הפועלים ,חשבון 200403,,,,1000,מזומנים ושווי מזומנים,1000,רכוש שוטף,1,,0,0
4,31/03/2022,31/03/2022,39,1,19758,2022,33,2,41,675,0,3,דמי טיפול אשראי,,,0,1105,99,0,675,0,1,בנק הפועלים ,חשבון 200403,,,,1000,מזומנים ושווי מזומנים,1000,רכוש שוטף,1,,0,0
4,31/03/2022,31/03/2022,40,1,19759,2022,34,1,41,496.24,0,3,רבית גזית גלוב אגח טז,,,0,1105,99,496.24,0,0,1,בנק הפועלים ,חשבון 200403,,,,1000,מזומנים ושווי מזומנים,1000,רכוש שוטף,1,,0,0
4,31/03/2022,31/03/2022,39,1,19762,2022,35,2,41,4246.58,0,3,רבית הלוואה,,,0,1106,99,0,4246.58,0,1,בנק הפועלים ,חשבון 200403,,,,1000,מזומנים ושווי מזומנים,1000,רכוש שוטף,1,,0,0
4,03/04/2022,03/04/2022,20151,1,19689,2022,2,2,41,526,0,3,מוצאות חיוב,,,0,1107,99,0,526,0,1,בנק הפועלים ,חשבון 200403,,,,1000,מזומנים ושווי מזומנים,1000,רכוש שוטף,1,,0,0
4,03/04/2022,03/04/2022,65,1,19763,2022,36,1,41,50000,0,3,הלוואת בעלים,,,0,1107,99,50000,0,0,1,בנק הפועלים ,חשבון 200403,,,,1000,מזומנים ושווי מזומנים,1000,רכוש שוטף,1,,0,0
4,03/04/2022,03/04/2022,160,1,19766,2022,37,2,41,20000,0,3,העברה לדיסקונט,,,0,1107,99,0,20000,0,1,בנק הפועלים ,חשבון 200403,,,,1000,מזומנים ושווי מזומנים,1000,רכוש שוטף,1,,0,0
4,04/04/2022,04/04/2022,39,1,19768,2022,38,2,41,218.15,0,3,עמ אשראי,,,0,1108,99,0,218.15,0,1,בנק הפועלים ,חשבון 200403,,,,1000,מזומנים ושווי מזומנים,1000,רכוש שוטף,1,,0,0
4,04/04/2022,04/04/2022,39,1,19770,2022,39,2,41,10,0,3,עמ מסלול,,,0,1108,99,0,10,0,1,בנק הפועלים ,חשבון 200403,,,,1000,מזומנים ושווי מזומנים,1000,רכוש שוטף,1,,0,0
4,07/04/2022,07/04/2022,181,1,19771,2022,40,1,41,100000,0,3,פקדון,,,0,1113,99,100000,0,0,1,בנק הפועלים ,חשבון 200403,,,,1000,מזומנים ושווי מזומנים,1000,רכוש שוטף,1,,0,0
4,07/04/2022,07/04/2022,40,1,19773,2022,41,1,41,0.6,0,3,רבית פקדון,,,0,1108,99,0.6,0,0,1,בנק הפועלים ,חשבון 200403,,,,1000,מזומנים ושווי מזומנים,1000,רכוש שוטף,1,,0,0
4,07/04/2022,07/04/2022,181,1,19791,2022,49,1,41,100000,0,3,משיכת פקדון-נט,96002569,96002569,0,1112,99,100000,0,0,1,בנק הפועלים ,חשבון 200403,,,,1000,מזומנים ושווי מזומנים,1000,רכוש שוטף,1,,0,0
4,07/04/2022,07/04/2022,181,1,19794,2022,50,2,41,100000,0,3,פקדון,,,0,1113,99,0,100000,0,1,בנק הפועלים ,חשבון 200403,,,,1000,מזומנים ושווי מזומנים,1000,רכוש שוטף,1,,0,0
4,10/04/2022,10/04/2022,20066,1,19776,2022,42,2,41,2158.04,0,3,כלל,,,0,1111,99,0,2158.04,0,1,בנק הפועלים ,חשבון 200403,,,,1000,מזומנים ושווי מזומנים,1000,רכוש שוטף,1,,0,0
4,14/04/2022,14/04/2022,80,1,19702,2022,7,2,41,9552,0,3,העברה לוזון,2003,,0,1110,99,0,9552,0,1,בנק הפועלים ,חשבון 200403,,,,1000,מזומנים ושווי מזומנים,1000,רכוש שוטף,1,,0,0
4,15/04/2022,15/04/2022,20151,1,19777,2022,43,1,41,100000,0,3,העברה,,,0,1109,99,100000,0,0,1,בנק הפועלים ,חשבון 200403,,,,1000,מזומנים ושווי מזומנים,1000,רכוש שוטף,1,,0,0
4,15/04/2022,15/04/2022,160,1,19780,2022,44,2,41,100000,0,3,העברה,,,0,1109,99,0,100000,0,1,בנק הפועלים ,חשבון 200403,,,,1000,מזומנים ושווי מזומנים,1000,רכוש שוטף,1,,0,0
4,15/04/2022,15/04/2022,51,1,19782,2022,45,2,41,1283.25,0,3,א.אקספרס,,,0,1109,99,0,1283.25,0,1,בנק הפועלים ,חשבון 200403,,,,1000,מזומנים ושווי מזומנים,1000,רכוש שוטף,1,,0,0
4,17/04/2022,17/04/2022,20236,1,19707,2022,9,2,41,16672.5,0,3,העברה שרה אסולין,3,,0,1110,99,0,16672.5,0,1,בנק הפועלים ,חשבון 200403,,,,1000,מזומנים ושווי מזומנים,1000,רכוש שוטף,1,,0,0
4,01/05/2022,01/05/2022,20151,1,19691,2022,3,2,41,526,0,3,מוצאות חיוב,,,0,1111,99,0,526,0,1,בנק הפועלים ,חשבון 200403,,,,1000,מזומנים ושווי מזומנים,1000,רכוש שוטף,1,,0,0
4,01/05/2022,01/05/2022,39,1,19784,2022,46,2,41,4366.44,0,3,רבית הלוואה,,,0,1110,99,0,4366.44,0,1,בנק הפועלים ,חשבון 200403,,,,1000,מזומנים ושווי מזומנים,1000,רכוש שוטף,1,,0,0
4,01/05/2022,01/05/2022,39,1,19786,2022,47,2,41,10,0,3,עמ מסלול,,,0,1111,99,0,10,0,1,בנק הפועלים ,חשבון 200403,,,,1000,מזומנים ושווי מזומנים,1000,רכוש שוטף,1,,0,0
,,,,2,,2022,,,7,,,,יתרת פתיחה,,,,,,1992277.86,1992277.86,,1,קופת שיקים,,,,,1000,מזומנים ושווי מזומנים,1000,רכוש שוטף,1,,0,0
,,,,2,,2022,,,8,,,,יתרת פתיחה,,,,,,420,420,,1,קופת מזומן,,,,,1000,מזומנים ושווי מזומנים,1000,רכוש שוטף,1,,0,0
,,,,3,,2022,,,91,,,,יתרת פתיחה,,,,,,150000,150000,,1,"פר""י",,,,,1000,מזומנים ושווי מזומנים,1000,רכוש שוטף,1,,0,0
4,16/03/2022,16/03/2022,41,3,19743,2022,26,1,181,100000,0,3,פקדון,,,0,0,1,100000,0,0,1,בנק הפועלים פקדון,,,,,1000,מזומנים ושווי מזומנים,1000,רכוש שוטף,1,,0,0
4,07/04/2022,07/04/2022,41,3,19772,2022,40,2,181,100000,0,3,פקדון,,,0,0,1,0,100000,0,1,בנק הפועלים פקדון,,,,,1000,מזומנים ושווי מזומנים,1000,רכוש שוטף,1,,0,0
4,07/04/2022,07/04/2022,41,3,19792,2022,49,2,181,100000,0,3,משיכת פקדון-נט,96002569,96002569,0,0,1,0,100000,0,1,בנק הפועלים פקדון,,,,,1000,מזומנים ושווי מזומנים,1000,רכוש שוטף,1,,0,0
4,07/04/2022,07/04/2022,41,3,19793,2022,50,1,181,100000,0,3,פקדון,,,0,0,1,100000,0,0,1,בנק הפועלים פקדון,,,,,1000,מזומנים ושווי מזומנים,1000,רכוש שוטף,1,,0,0
,,,,6,,2022,,,20032,,,,יתרת פתיחה,,,,,,469150.03,469150.03,,1,פרדרבר,אילת ודוד,,,,1030,חייבים ויתרות חובה,1000,רכוש שוטף,1,,0,0
,,,,6,,2022,,,20033,,,,יתרת פתיחה,,,,,,29707,29707,,1,פרי ביצועים ,,3,5444040,,1030,חייבים ויתרות חובה,1000,רכוש שוטף,1,,0,0
,,,,6,,2022,,,20089,,,,יתרת פתיחה,,,,,,240000,240000,,1,בולדן,דן,,,,1030,חייבים ויתרות חובה,1000,רכוש שוטף,1,,0,0
,,,,6,,2022,,,20094,,,,יתרת פתיחה,,,,,,15000,15000,,1,מרום,,,,,1030,חייבים ויתרות חובה,1000,רכוש שוטף,1,,0,0
,,,,6,,2022,,,20101,,,,יתרת פתיחה,,,,,,10403.1,10403.1,,1,עיריית ראשון לציון,,,,,1030,חייבים ויתרות חובה,1000,רכוש שוטף,1,,0,0
,,,,6,,2022,,,20117,,,,יתרת פתיחה,,,,,,5829113.64,5829113.64,,1,לוי,עמית,,,,1030,חייבים ויתרות חובה,1000,רכוש שוטף,1,,0,0
,,,,6,,2022,,,20122,,,,יתרת פתיחה,,,,,,117000,117000,,1,"נפתלי רונן בע""מ",,,,,1030,חייבים ויתרות חובה,1000,רכוש שוטף,1,,0,0
,,,,6,,2022,,,20127,,,,יתרת פתיחה,,,,,,21060,21060,,1,"נחמה בוגין בע""מ",,,,,1030,חייבים ויתרות חובה,1000,רכוש שוטף,1,,0,0
,,,,6,,2022,,,20129,,,,יתרת פתיחה,,,,,,5252743.87,5252743.87,,1,מן דן ושקד,,,,,1030,חייבים ויתרות חובה,1000,רכוש שוטף,1,,0,0
,,,,6,,2022,,,20133,,,,יתרת פתיחה,,,,,,16965,16965,,1,מיתוס,,,,,1030,חייבים ויתרות חובה,1000,רכוש שוטף,1,,0,0
,,,,6,,2022,,,20160,,,,יתרת פתיחה,,,,,,3420859,3420859,,1,אלמוג ,דנה ואיטל,,,,1030,חייבים ויתרות חובה,1000,רכוש שוטף,1,,0,0
,,,,6,,2022,,,20161,,,,יתרת פתיחה,,,,,,18720,18720,,1,מיתוס ספורט,,,,,1030,חייבים ויתרות חובה,1000,רכוש שוטף,1,,0,0
,,,,6,,2022,,,20163,,,,יתרת פתיחה,,,,,,5278286.22,5278286.22,,1,גיא ואיילת חבר,,,,,1030,חייבים ויתרות חובה,1000,רכוש שוטף,1,,0,0
,,,,6,,2022,,,20188,,,,יתרת פתיחה,,,,,,1966,1966,,1,מכבי שוהם - טניס שולחן,,,,,1030,חייבים ויתרות חובה,1000,רכוש שוטף,1,,0,0
,,,,6,,2022,,,20191,,,,יתרת פתיחה,,,,,,3944610,3944610,,1,דוד וצחיה כהן,,,,,1030,חייבים ויתרות חובה,1000,רכוש שוטף,1,,0,0
,,,,6,,2022,,,20192,,,,יתרת פתיחה,,,,,,6425,6425,,1,שחקן אמיתי - רונן,,,,,1030,חייבים ויתרות חובה,1000,רכוש שוטף,1,,0,0
,,,,6,,2022,,,20194,,,,יתרת פתיחה,,,,,,400,400,,1,"העמותה לקידום טנ""ש לוד",,,,,1030,חייבים ויתרות חובה,1000,רכוש שוטף,1,,0,0
,,,,6,,2022,,,20195,,,,יתרת פתיחה,,,,,,420,420,,1,אורלי גרינסבורג-שרותי מחשוב ופ,,,,,1030,חייבים ויתרות חובה,1000,רכוש שוטף,1,,0,0
,,,,6,,2022,,,20198,,,,יתרת פתיחה,,,,,,585,585,,1,הדר מאיר - טניס שולחן,,,,,1030,חייבים ויתרות חובה,1000,רכוש שוטף,1,,0,0
,,,,6,,2022,,,20200,,,,יתרת פתיחה,,,,,,3889065,3889065,,1,עינב ועידו ירום,,,,,1030,חייבים ויתרות חובה,1000,רכוש שוטף,1,,0,0
,,,,6,,2022,,,20201,,,,יתרת פתיחה,,,,,,351,351,,1,"מועדון טנ""ש - מבואות חרמון",,,,,1030,חייבים ויתרות חובה,1000,רכוש שוטף,1,,0,0
,,,,6,,2022,,,20202,,,,יתרת פתיחה,,,,,,175.5,175.5,,1,ועד עובדי שופטי כדורגל,,,,,1030,חייבים ויתרות חובה,1000,רכוש שוטף,1,,0,0
,,,,6,,2022,,,20204,,,,יתרת פתיחה,,,,,,2106,2106,,1,איספא,,,,,1030,חייבים ויתרות חובה,1000,רכוש שוטף,1,,0,0
,,,,6,,2022,,,20208,,,,יתרת פתיחה,,,,,,2340,2340,,1,"מטבחי זיו בע""מ",,,,,1030,חייבים ויתרות חובה,1000,רכוש שוטף,1,,0,0
,,,,6,,2022,,,20209,,,,יתרת פתיחה,,,,,,292.5,292.5,,1,"די אן איי ספרטס בע""מ",,,,,1030,חייבים ויתרות חובה,1000,רכוש שוטף,1,,0,0
,,,,6,,2022,,,20210,,,,יתרת פתיחה,,,,,,1405,1405,,1,ע.ל.ה רעננה העמותה לקידום הספו,,,,,1030,חייבים ויתרות חובה,1000,רכוש שוטף,1,,0,0
,,,,6,,2022,,,20217,,,,יתרת פתיחה,,,,,,7020,7020,,1,איגוד הכדורעף בישראל,,,,,1030,חייבים ויתרות חובה,1000,רכוש שוטף,1,,0,0
,,,,6,,2022,,,20218,,,,יתרת פתיחה,,,,,,1755,1755,,1,"דגם בע""מ",,,,,1030,חייבים ויתרות חובה,1000,רכוש שוטף,1,,0,0
,,,,6,,2022,,,20220,,,,יתרת פתיחה,,,,,,1755,1755,,1,"דנם בע""מ",,,,,1030,חייבים ויתרות חובה,1000,רכוש שוטף,1,,0,0
,,,,6,,2022,,,20221,,,,יתרת פתיחה,,,,,,1755,1755,,1,פינוק ישראל,,,,,1030,חייבים ויתרות חובה,1000,רכוש שוטף,1,,0,0
,,,,6,,2022,,,20227,,,,יתרת פתיחה,,,,,,2106,2106,,1,האקדמיה למצוינות בספורט,,,,,1030,חייבים ויתרות חובה,1000,רכוש שוטף,1,,0,0
,,,,7,,2022,,,13,,,,יתרת פתיחה,,,,,,2500.98,2500.98,,1,קופת אמריקן אקספרס,,,,,1030,חייבים ויתרות חובה,1000,רכוש שוטף,1,,0,0
,,,,7,,2022,,,139,,,,יתרת פתיחה,,,,,,322829,235740,,1,מס הכנסה 2020,,,,,1030,חייבים ויתרות חובה,1000,רכוש שוטף,1,,0,0
,,,,8,,2022,,,15,,,,יתרת פתיחה,,,,,,4114.95,416.14,,1,ניכוי מס במקור מלקוחות,,,,,1030,חייבים ויתרות חובה,1000,רכוש שוטף,1,,0,0
,,,,8,,2022,,,43,,,,יתרת פתיחה,,,,,,140392.54,140121.74,,1,קופה קטנה,,,,,1030,חייבים ויתרות חובה,1000,רכוש שוטף,1,,0,0
1,06/01/2022,06/01/2022,51,8,19828,2022,19,2,43,200,0,3,חומרי בנין,,1,0,0,0,0,200,0,1,קופה קטנה,,,,,1030,חייבים ויתרות חובה,1000,רכוש שוטף,1,,0,0
1,13/01/2022,13/01/2022,51,8,19830,2022,20,2,43,69,0,3,חומרי בנין,120392,1,0,0,0,0,69,0,1,קופה קטנה,,,,,1030,חייבים ויתרות חובה,1000,רכוש שוטף,1,,0,0
1,13/01/2022,13/01/2022,51,8,19832,2022,21,2,43,76,0,3,חומרי בנין,120389,1,0,0,0,0,76,0,1,קופה קטנה,,,,,1030,חייבים ויתרות חובה,1000,רכוש שוטף,1,,0,0
2,16/01/2022,16/01/2022,29,8,19593,2022,1,2,43,1246,0,250,פרסום בגדי ספורט,676,1,0,0,0,0,1246,0,1,קופה קטנה,,,,,1030,חייבים ויתרות חובה,1000,רכוש שוטף,1,,0,0
1,16/01/2022,16/01/2022,21,8,19580,2022,10,2,43,934.4,0,3,מיסי עיריה 1-2/22,,,0,0,0,0,934.4,0,1,קופה קטנה,,,,,1030,חייבים ויתרות חובה,1000,רכוש שוטף,1,,0,0
1,23/01/2022,23/01/2022,51,8,19834,2022,22,2,43,35,0,3,חומרי בנין,,1,0,0,0,0,35,0,1,קופה קטנה,,,,,1030,חייבים ויתרות חובה,1000,רכוש שוטף,1,,0,0
2,16/02/2022,16/02/2022,41,8,19596,2022,2,1,43,1246,0,3,פרסום בגדי ספורט,676,,0,0,0,1246,0,0,1,קופה קטנה,,,,,1030,חייבים ויתרות חובה,1000,רכוש שוטף,1,,0,0
2,18/02/2022,18/02/2022,20,8,19600,2022,4,2,43,235.17,0,250,מים 28.10-31.12.21,470,1,0,0,0,0,235.17,0,1,קופה קטנה,,,,,1030,חייבים ויתרות חובה,1000,רכוש שוטף,1,,0,0
3,23/02/2022,23/02/2022,51,8,19664,2022,27,1,43,93.89,0,3,הוט 23.1-22.2.22 NEXT TV,,,0,0,0,93.89,0,0,1,קופה קטנה,,,,,1030,חייבים ויתרות חובה,1000,רכוש שוטף,1,,0,0
4,04/03/2022,04/03/2022,,8,19856,2022,83,1,43,10,0,1,חניה,,,0,0,0,10,0,0,1,קופה קטנה,,,,,1030,חייבים ויתרות חובה,1000,רכוש שוטף,1,,0,0
3,15/03/2022,15/03/2022,21,8,19611,2022,1,2,43,936.27,0,3,מיסי עיריה 3-4/22,,,0,0,0,0,936.27,0,1,קופה קטנה,,,,,1030,חייבים ויתרות חובה,1000,רכוש שוטף,1,,0,0
3,23/03/2022,23/03/2022,51,8,19666,2022,28,1,43,93.89,0,3,הוט 23.2-22.3.22 NEXT TV,,,0,0,0,93.89,0,0,1,קופה קטנה,,,,,1030,חייבים ויתרות חובה,1000,רכוש שוטף,1,,0,0
4,15/04/2022,15/04/2022,19,8,19695,2022,5,2,43,115,0,250,שנאי למחשב,1451,1,0,0,0,0,115,0,1,קופה קטנה,,,,,1030,חייבים ויתרות חובה,1000,רכוש שוטף,1,,0,0
4,19/04/2022,19/04/2022,20150,8,19725,2022,17,1,43,168.82,0,3,פרטנר 19.3-18.4.22,1151790423,,0,0,0,168.82,0,0,1,קופה קטנה,,,,,1030,חייבים ויתרות חובה,1000,רכוש שוטף,1,,0,0
,,,,8,,2022,,,60,,,,יתרת פתיחה,,,,,,107098,107098,,1,מס הכנסה 2015,,,,,1030,חייבים ויתרות חובה,1000,רכוש שוטף,1,,0,0
,,,,8,,2022,,,127,,,,יתרת פתיחה,,,,,,32217,32217,,1,מס הכנסה 2016,,,,,1030,חייבים ויתרות חובה,1000,רכוש שוטף,1,,0,0
,,,,8,,2022,,,128,,,,יתרת פתיחה,,,,,,117610,341138,,1,מס הכנסה 2017,,,,,1030,חייבים ויתרות חובה,1000,רכוש שוטף,1,,0,0
,,,,8,,2022,,,20151,,,,יתרת פתיחה,,,,,,5493679.43,5558465.87,,1,"גדות ביצועים בע""מ",,,,,1030,חייבים ויתרות חובה,1000,רכוש שוטף,1,,0,0
4,20/01/2022,20/01/2022,51,8,19803,2022,51,1,20151,26.68,0,3,נסיעה בכביש 6,,,0,0,20,26.68,0,0,1,"גדות ביצועים בע""מ",,,,,1030,חייבים ויתרות חובה,1000,רכוש שוטף,1,,0,0
4,20/02/2022,20/02/2022,41,8,19805,2022,52,1,20151,80000,0,3,העברה,,,0,0,20,80000,0,0,1,"גדות ביצועים בע""מ",,,,,1030,חייבים ויתרות חובה,1000,רכוש שוטף,1,,0,0
4,09/03/2022,09/03/2022,41,8,19686,2022,1,1,20151,408,0,3,מוצאות חיוב,,,0,0,20,408,0,0,1,"גדות ביצועים בע""מ",,,,,1030,חייבים ויתרות חובה,1000,רכוש שוטף,1,,0,0
4,03/04/2022,03/04/2022,41,8,19688,2022,2,1,20151,526,0,3,מוצאות חיוב,,,0,0,20,526,0,0,1,"גדות ביצועים בע""מ",,,,,1030,חייבים ויתרות חובה,1000,רכוש שוטף,1,,0,0
4,15/04/2022,15/04/2022,41,8,19778,2022,43,2,20151,100000,0,3,העברה,,,0,0,20,0,100000,0,1,"גדות ביצועים בע""מ",,,,,1030,חייבים ויתרות חובה,1000,רכוש שוטף,1,,0,0
4,01/05/2022,01/05/2022,41,8,19690,2022,3,1,20151,526,0,3,מוצאות חיוב,,,0,0,20,526,0,0,1,"גדות ביצועים בע""מ",,,,,1030,חייבים ויתרות חובה,1000,רכוש שוטף,1,,0,0
,,,,16,,2022,,,108,,,,יתרת פתיחה,,,,,,51116.11,51116.11,,1,קרן נאמנות ,,,,,1010,ניירות ערך סחירים,1000,רכוש שוטף,1,,0,0
,,,,16,,2022,,,20031,,,,יתרת פתיחה,,,,,,251000.86,251000.86,,1,הראל סל 25,,,,,1010,ניירות ערך סחירים,1000,רכוש שוטף,1,,0,0
,,,,24,,2022,,,157,,,,יתרת פתיחה,,,,,,200000,200000,,1,כלי רכב,,,,,3000,רכוש קבוע,3000,רכוש קבוע,1,,0,0
,,,,25,,2022,,,68,,,,יתרת פתיחה,,,,,,40968.12,29243.04,,1,רכוש קבוע ,,,,,3000,רכוש קבוע,3000,רכוש קבוע,1,,0,0
,,,,7110,,2022,,,160,,,,יתרת פתיחה,,,,,,25256664.25,25252337.71,,1,בנק דיסקונט 54546,,,,,1000,מזומנים ושווי מזומנים,1000,רכוש שוטף,1,,0,0
3,28/01/2022,28/01/2022,39,7110,19623,2022,6,2,160,19160.55,0,3,רבית הלוואה,,,0,0,99,0,19160.55,0,1,בנק דיסקונט 54546,,,,,1000,מזומנים ושווי מזומנים,1000,רכוש שוטף,1,,0,0
4,28/02/2022,28/02/2022,39,7110,19732,2022,20,2,160,19160.55,0,3,רבית הלוואה,,,0,0,99,0,19160.55,0,1,בנק דיסקונט 54546,,,,,1000,מזומנים ושווי מזומנים,1000,רכוש שוטף,1,,0,0
4,03/04/2022,03/04/2022,41,7110,19765,2022,37,1,160,20000,0,3,העברה לדיסקונט,,,0,0,99,20000,0,0,1,בנק דיסקונט 54546,,,,,1000,מזומנים ושווי מזומנים,1000,רכוש שוטף,1,,0,0
4,15/04/2022,15/04/2022,41,7110,19779,2022,44,1,160,100000,0,3,העברה,,,0,0,99,100000,0,0,1,בנק דיסקונט 54546,,,,,1000,מזומנים ושווי מזומנים,1000,רכוש שוטף,1,,0,0
,,,,7120,,2022,,,152,,,,יתרת פתיחה,,,,,,853401.01,850601.92,,1,"בנק הפועלים 200403 מט""ח דולר",,,,,1000,מזומנים ושווי מזומנים,1000,רכוש שוטף,1,,0,0
,,,,7290,,2022,,,150,,,,יתרת פתיחה,,,,,,5762386.98,4547219.79,,1,"בנק הפועלים ניירות ערך ש""ח",,,,,1010,ניירות ערך סחירים,1000,רכוש שוטף,1,,0,0
3,16/01/2022,16/01/2022,41,7290,19631,2022,10,2,150,3857.35,0,3,3920 בזן אגח י,,,0,0,99,0,3857.35,0,1,"בנק הפועלים ניירות ערך ש""ח",,,,,1010,ניירות ערך סחירים,1000,רכוש שוטף,1,,0,0
3,16/01/2022,16/01/2022,41,7290,19633,2022,11,2,150,9842.18,0,3,10000 בזן אגח י,,,0,0,99,0,9842.18,0,1,"בנק הפועלים ניירות ערך ש""ח",,,,,1010,ניירות ערך סחירים,1000,רכוש שוטף,1,,0,0
3,16/01/2022,16/01/2022,41,7290,19635,2022,12,2,150,13388.61,0,3,13585.38 בזן אגח י,,,0,0,99,0,13388.61,0,1,"בנק הפועלים ניירות ערך ש""ח",,,,,1010,ניירות ערך סחירים,1000,רכוש שוטף,1,,0,0
3,17/01/2022,17/01/2022,41,7290,19637,2022,13,2,150,9848.17,0,3,10000 בזן אגח י,,,0,0,99,0,9848.17,0,1,"בנק הפועלים ניירות ערך ש""ח",,,,,1010,ניירות ערך סחירים,1000,רכוש שוטף,1,,0,0
3,17/01/2022,17/01/2022,41,7290,19639,2022,14,2,150,14673.3,0,3,14898 בזן אגח י,,,0,0,99,0,14673.3,0,1,"בנק הפועלים ניירות ערך ש""ח",,,,,1010,ניירות ערך סחירים,1000,רכוש שוטף,1,,0,0
3,17/01/2022,17/01/2022,41,7290,19640,2022,15,1,150,52013.76,0,3,47380 קסם אקסלנס ממשלתי צמוד,,,0,0,99,52013.76,0,0,1,"בנק הפועלים ניירות ערך ש""ח",,,,,1010,ניירות ערך סחירים,1000,רכוש שוטף,1,,0,0
4,16/03/2022,16/03/2022,41,7290,19736,2022,22,2,150,72474.38,0,3,"3,809 בנק דיסקונט",691212,,0,0,99,0,72474.38,0,1,"בנק הפועלים ניירות ערך ש""ח",,,,,1010,ניירות ערך סחירים,1000,רכוש שוטף,1,,0,0
4,16/03/2022,16/03/2022,41,7290,19738,2022,23,2,150,24836.41,0,3,"1,306 בנק דיסקונט",691212,,0,0,99,0,24836.41,0,1,"בנק הפועלים ניירות ערך ש""ח",,,,,1010,ניירות ערך סחירים,1000,רכוש שוטף,1,,0,0
4,16/03/2022,16/03/2022,41,7290,19740,2022,24,2,150,22662.99,0,3,"17,086 הראל תא טכנולגי",1161827,,0,0,99,0,22662.99,0,1,"בנק הפועלים ניירות ערך ש""ח",,,,,1010,ניירות ערך סחירים,1000,רכוש שוטף,1,,0,0
4,16/03/2022,16/03/2022,41,7290,19742,2022,25,2,150,94810.39,0,3,"71,533  הראל תא טכנולגי",1161827,,0,0,99,0,94810.39,0,1,"בנק הפועלים ניירות ערך ש""ח",,,,,1010,ניירות ערך סחירים,1000,רכוש שוטף,1,,0,0
4,16/03/2022,16/03/2022,41,7290,19745,2022,27,1,150,54632.86,0,3,"42,751 AEROSPACE",5127055,,0,0,99,54632.86,0,0,1,"בנק הפועלים ניירות ערך ש""ח",,,,,1010,ניירות ערך סחירים,1000,רכוש שוטף,1,,0,0
4,16/03/2022,16/03/2022,41,7290,19747,2022,28,1,150,60634.93,0,3,"27,654 BLOOMBERG קסם",5133699,,0,0,99,60634.93,0,0,1,"בנק הפועלים ניירות ערך ש""ח",,,,,1010,ניירות ערך סחירים,1000,רכוש שוטף,1,,0,0
4,20/03/2022,20/03/2022,41,7290,19750,2022,29,2,150,2569.09,0,3,"2,504.8 ריט 1 אגח ז",1171271,,0,0,99,0,2569.09,0,1,"בנק הפועלים ניירות ערך ש""ח",,,,,1010,ניירות ערך סחירים,1000,רכוש שוטף,1,,0,0
3,20/03/2022,20/03/2022,41,7290,19789,2022,33,1,150,0.03,0,3,הפרש פדיון ריט 1,1171271,,0,0,99,0.03,0,0,1,"בנק הפועלים ניירות ערך ש""ח",,,,,1010,ניירות ערך סחירים,1000,רכוש שוטף,1,,0,0
,,,,7290,,2022,,,151,,,,יתרת פתיחה,,,,,,1946635.85,1337451.38,,1,בנק הפועלים ניירות ערך דולר,,,,,1010,ניירות ערך סחירים,1000,רכוש שוטף,1,,0,0
,,,,7420,,2022,,,136,,,,יתרת פתיחה,,,,,,11948.86,10172.86,,1,הוצאות מראש,,,,,1030,חייבים ויתרות חובה,1000,רכוש שוטף,1,,0,0
,,,,7430,,2022,,,129,,,,יתרת פתיחה,,,,,,753464,753464,,1,מס הכנסה 2018,,,,,1030,חייבים ויתרות חובה,1000,רכוש שוטף,1,,0,0
,,,,7430,,2022,,,137,,,,יתרת פתיחה,,,,,,589856,582327,,1,מס הכנסה 2019,,,,,1030,חייבים ויתרות חובה,1000,רכוש שוטף,1,,0,0
,,,,7430,,2022,,,155,,,,יתרת פתיחה,,,,,,3178.27,1320,,1,"ניכוי במקור מדיבידנד בחו""ל",,,,,1030,חייבים ויתרות חובה,1000,רכוש שוטף,1,,0,0
,,,,7430,,2022,,,20176,,,,יתרת פתיחה,,,,,,450,450,,1,הוצאות עודפות 2018,,,,,1030,חייבים ויתרות חובה,1000,רכוש שוטף,1,,0,0
,,,,7430,,2022,,,20183,,,,יתרת פתיחה,,,,,,3150,2700,,1,הוצאות עודפות 2019,,,,,1030,חייבים ויתרות חובה,1000,רכוש שוטף,1,,0,0
,,,,7870,,2022,,,200,,,,יתרת פתיחה,,,,,,32286571.34,14211553.34,,1,מלאי עבודות בביצוע,,,,,1060,מלאי,1000,רכוש שוטף,1,,0,0
,,,,8620,,2022,,,69,,,,יתרת פתיחה,,,,,,2611,0,,1,הוצאות יסוד,,,,,3310,הוצאות נדחות ורכוש אחר,3300,רכוש אחר והוצאות נדחות,1,,0,0
4,15/04/2022,15/04/2022,51,8620,19835,2022,86,1,69,937.53,0,3,הפרש ויזה,,,0,0,0,937.53,0,0,1,הוצאות יסוד,,,,,3310,הוצאות נדחות ורכוש אחר,3300,רכוש אחר והוצאות נדחות,1,,0,0
4,15/04/2022,15/04/2022,,8620,19859,2022,87,2,69,937.53,0,2,הפרש ויזה,,,0,0,0,0,937.53,0,1,הוצאות יסוד,,,,,3310,הוצאות נדחות ורכוש אחר,3300,רכוש אחר והוצאות נדחות,1,,0,0
,,,,30,,2022,,,44,,,,יתרת פתיחה,,,,,,32069.99,32069.99,,2,חברת חשמל,,,,,4020,זכאים ויתרות זכות,4000,התחייבויות שוטפות,2,,0,0
,,,,30,,2022,,,45,,,,יתרת פתיחה,,,,,,7445.37,7445.37,,2,"בזק בע""מ",,,,,4020,זכאים ויתרות זכות,4000,התחייבויות שוטפות,2,,0,0
,,,,30,,2022,,,66,,,,יתרת פתיחה,,,,,,69030,69030,,2,עראר עארף ,חשמלאי מוסמך ,50,7425194,,4020,זכאים ויתרות זכות,4000,התחייבויות שוטפות,2,,0,0
,,,,30,,2022,,,72,,,,יתרת פתיחה,,,,,,20000,20000,,2,"נ.ק.שיווק הצפון בע""מ",,4,6468819,,4020,זכאים ויתרות זכות,4000,התחייבויות שוטפות,2,,0,0
,,,,30,,2022,,,73,,,,יתרת פתיחה,,,,,,28775,28775,,2,רן צרפתי,הדמיות ממוחשבות ,52,2846359,,4020,זכאים ויתרות זכות,4000,התחייבויות שוטפות,2,,0,0
,,,,30,,2022,,,74,,,,יתרת פתיחה,,,,,,16520,16520,,2,"אדריכלות והנדסה בע""מ ",אברמוב,74,7017526,,4020,זכאים ויתרות זכות,4000,התחייבויות שוטפות,2,,0,0
,,,,30,,2022,,,75,,,,יתרת פתיחה,,,,,,86344,86344,,2,"מוטי פרץ חומרי בנין בע""מ ",,3,9563666,,4020,זכאים ויתרות זכות,4000,התחייבויות שוטפות,2,,0,0
1,31/01/2022,31/01/2022,16,30,19569,2022,6,2,75,7610,0,200,אבנים משתלבות,17832,,0,0,20,0,7610,0,2,"מוטי פרץ חומרי בנין בע""מ ",,3,9563666,,4020,זכאים ויתרות זכות,4000,התחייבויות שוטפות,2,,0,0
4,31/03/2022,31/03/2022,16,30,19692,2022,4,2,75,764,0,200,חומרי בנין,18095,,0,0,20,0,764,0,2,"מוטי פרץ חומרי בנין בע""מ ",,3,9563666,,4020,זכאים ויתרות זכות,4000,התחייבויות שוטפות,2,,0,0
,,,,30,,2022,,,77,,,,יתרת פתיחה,,,,,,832,832,,2,"הצ""ח מוצרי חשמל בע""מ",,3,9668216,,4020,זכאים ויתרות זכות,4000,התחייבויות שוטפות,2,,0,0
,,,,30,,2022,,,78,,,,יתרת פתיחה,,,,,,5713,5713,,2,"נימרוד תעשיות בע""מ",,3,9615333,,4020,זכאים ויתרות זכות,4000,התחייבויות שוטפות,2,,0,0
,,,,30,,2022,,,79,,,,יתרת פתיחה,,,,,,3029,3029,,2,ספרינטגרף בית דפוס,,3,9699327,,4020,זכאים ויתרות זכות,4000,התחייבויות שוטפות,2,,0,0
,,,,30,,2022,,,80,,,,יתרת פתיחה,,,,,,204153,204153,,2,מגן לוזון ושות ,עורכי דין,9,9511100,,4020,זכאים ויתרות זכות,4000,התחייבויות שוטפות,2,,0,0
4,14/04/2022,14/04/2022,41,30,19701,2022,7,1,80,9552,0,3,העברה לוזון,2003,,0,0,20,9552,0,0,2,מגן לוזון ושות ,עורכי דין,9,9511100,,4020,זכאים ויתרות זכות,4000,התחייבויות שוטפות,2,,0,0
4,27/04/2022,27/04/2022,27,30,19698,2022,6,2,80,9552,0,222,יעוץ משפטי,2003,,0,0,20,0,9552,0,2,מגן לוזון ושות ,עורכי דין,9,9511100,,4020,זכאים ויתרות זכות,4000,התחייבויות שוטפות,2,,0,0
,,,,30,,2022,,,81,,,,יתרת פתיחה,,,,,,4071,4071,,2,"אדמה בניה וארכיטקטורה בע""מ",,3,5799989,,4020,זכאים ויתרות זכות,4000,התחייבויות שוטפות,2,,0,0
,,,,30,,2022,,,83,,,,יתרת פתיחה,,,,,,161874,161874,,2,"שוורצברג אליעזר רו""ח ",,3,5462258,,4020,זכאים ויתרות זכות,4000,התחייבויות שוטפות,2,,0,0
1,16/01/2022,16/01/2022,84,30,19572,2022,7,2,83,1170,0,212,"שכ""ט 1/22",14065,,0,0,20,0,1170,0,2,"שוורצברג אליעזר רו""ח ",,3,5462258,,4020,זכאים ויתרות זכות,4000,התחייבויות שוטפות,2,,0,0
1,16/01/2022,16/01/2022,41,30,19575,2022,8,1,83,1170,0,3,תשלום,10546,,0,0,20,1170,0,0,2,"שוורצברג אליעזר רו""ח ",,3,5462258,,4020,זכאים ויתרות זכות,4000,התחייבויות שוטפות,2,,0,0
3,20/03/2022,20/03/2022,41,30,19673,2022,31,1,83,585,0,3,העברה,,,0,0,20,585,0,0,2,"שוורצברג אליעזר רו""ח ",,3,5462258,,4020,זכאים ויתרות זכות,4000,התחייבויות שוטפות,2,,0,0
3,21/03/2022,21/03/2022,84,30,19675,2022,32,2,83,585,0,221,"שכ""ט 2/22",14107,,0,0,20,0,585,0,2,"שוורצברג אליעזר רו""ח ",,3,5462258,,4020,זכאים ויתרות זכות,4000,התחייבויות שוטפות,2,,0,0
,,,,30,,2022,,,85,,,,יתרת פתיחה,,,,,,4838,4838,,2,"ד""ר אביגור-שירותי הנדסה ","וגאולוגיה בע""מ",50,5363981,,4020,זכאים ויתרות זכות,4000,התחייבויות שוטפות,2,,0,0
,,,,30,,2022,,,86,,,,יתרת פתיחה,,,,,,10717,10717,,2,יאיר כהן - משרד עורכי דין,,3,9666630,,4020,זכאים ויתרות זכות,4000,התחייבויות שוטפות,2,,0,0
,,,,30,,2022,,,88,,,,יתרת פתיחה,,,,,,10000,10000,,2,"י.מ מרכז הנדל""ן ",,8,9160088,,4020,זכאים ויתרות זכות,4000,התחייבויות שוטפות,2,,0,0
,,,,30,,2022,,,92,,,,יתרת פתיחה,,,,,,140597,140597,,2,"דרשני יוסף ובניו בע""מ",,3,9340449,,4020,זכאים ויתרות זכות,4000,התחייבויות שוטפות,2,,0,0
,,,,30,,2022,,,93,,,,יתרת פתיחה,,,,,,4327,4327,,2,"מניב ראשון בע""מ",,,,,4020,זכאים ויתרות זכות,4000,התחייבויות שוטפות,2,,0,0
,,,,30,,2022,,,94,,,,יתרת פתיחה,,,,,,189,189,,2,"מרום ש.מ.פ בע""מ",,3,9604954,,4020,זכאים ויתרות זכות,4000,התחייבויות שוטפות,2,,0,0
,,,,30,,2022,,,95,,,,יתרת פתיחה,,,,,,9944,9944,,2,"סיסטם מעבדות מתקדמות בע""מ",,8,9420537,,4020,זכאים ויתרות זכות,4000,התחייבויות שוטפות,2,,0,0
,,,,30,,2022,,,96,,,,יתרת פתיחה,,,,,,32840.75,32840.75,,2,חברת חשמל,,3,9632446,,4020,זכאים ויתרות זכות,4000,התחייבויות שוטפות,2,,0,0
,,,,30,,2022,,,97,,,,יתרת פתיחה,,,,,,400,400,,2,ביבי שיווק,,54,6664430,,4020,זכאים ויתרות זכות,4000,התחייבויות שוטפות,2,,0,0
,,,,30,,2022,,,98,,,,יתרת פתיחה,,,,,,3864.5,3864.5,,2,סמי אבו צעלוק,,50,5694422,,4020,זכאים ויתרות זכות,4000,התחייבויות שוטפות,2,,0,0
,,,,30,,2022,,,99,,,,יתרת פתיחה,,,,,,14670,15255,,2,גניס יוליאנה,תכנון ויעוץ אינסטלצי,8,8599335,,4020,זכאים ויתרות זכות,4000,התחייבויות שוטפות,2,,0,0
,,,,30,,2022,,,102,,,,יתרת פתיחה,,,,,,23600,23600,,2,א.ב. ניקיון ובנייה,,50,9115511,,4020,זכאים ויתרות זכות,4000,התחייבויות שוטפות,2,,0,0
,,,,30,,2022,,,103,,,,יתרת פתיחה,,,,,,69620,69620,,2,הקודחים אוליאל ,,57,7240690,,4020,זכאים ויתרות זכות,4000,התחייבויות שוטפות,2,,0,0
,,,,30,,2022,,,104,,,,יתרת פתיחה,,,,,,40670,40670,,2,עדווי עומר,מהנדס אזרחי,50,9763834,,4020,זכאים ויתרות זכות,4000,התחייבויות שוטפות,2,,0,0
,,,,30,,2022,,,105,,,,יתרת פתיחה,,,,,,1700,1700,,2,"ז.ר תעשיות מתכת בע""מ",,4,6011520,,4020,זכאים ויתרות זכות,4000,התחייבויות שוטפות,2,,0,0
,,,,30,,2022,,,106,,,,יתרת פתיחה,,,,,,3700,3700,,2,הוארי ודיע,,50,6656910,,4020,זכאים ויתרות זכות,4000,התחייבויות שוטפות,2,,0,0
,,,,30,,2022,,,107,,,,יתרת פתיחה,,,,,,3540,3540,,2,זגורי יצחק - הובלות עפר,,50,5206294,,4020,זכאים ויתרות זכות,4000,התחייבויות שוטפות,2,,0,0
,,,,30,,2022,,,20001,,,,יתרת פתיחה,,,,,,3100,3100,,2,הראל חברה לבטוח ,,,,,4020,זכאים ויתרות זכות,4000,התחייבויות שוטפות,2,,0,0
,,,,30,,2022,,,20003,,,,יתרת פתיחה,,,,,,5836,5836,,2,"י.ד.פרידמן בע""מ",שיווק סיטונאי לבנין ,3,5402165,,4020,זכאים ויתרות זכות,4000,התחייבויות שוטפות,2,,0,0
,,,,30,,2022,,,20004,,,,יתרת פתיחה,,,,,,13746,13746,,2,"גספן יצור מתכת בע""מ",,50,3575061,,4020,זכאים ויתרות זכות,4000,התחייבויות שוטפות,2,,0,0
,,,,30,,2022,,,20005,,,,יתרת פתיחה,,,,,,175480,175480,,2,"אביעד תעשיות בטון וטיט בע""מ",,8,9473456,,4020,זכאים ויתרות זכות,4000,התחייבויות שוטפות,2,,0,0
,,,,30,,2022,,,20006,,,,יתרת פתיחה,,,,,,32731,32731,,2,א.הלל - שירותי שאיבה,,50,7855150,,4020,זכאים ויתרות זכות,4000,התחייבויות שוטפות,2,,0,0
,,,,30,,2022,,,20007,,,,יתרת פתיחה,,,,,,3245,3245,,2,לוי שאליאל משאבות בטון ,,52,3232333,,4020,זכאים ויתרות זכות,4000,התחייבויות שוטפות,2,,0,0
,,,,30,,2022,,,20008,,,,יתרת פתיחה,,,,,,132300,132300,,2,שואהנה ,אכרם ,,,,4020,זכאים ויתרות זכות,4000,התחייבויות שוטפות,2,,0,0
,,,,30,,2022,,,20009,,,,יתרת פתיחה,,,,,,1129028,1129028,,2,כ.רעבודות בניה,,50,7356742,,4020,זכאים ויתרות זכות,4000,התחייבויות שוטפות,2,,0,0
,,,,30,,2022,,,20010,,,,יתרת פתיחה,,,,,,43100,43100,,2,שאיש אלבראק,,56,419629,,4020,זכאים ויתרות זכות,4000,התחייבויות שוטפות,2,,0,0
,,,,30,,2022,,,20011,,,,יתרת פתיחה,,,,,,66563,66563,,2,איטום טל - זיפות וסיוד,,52,3080888,,4020,זכאים ויתרות זכות,4000,התחייבויות שוטפות,2,,0,0
,,,,30,,2022,,,20012,,,,יתרת פתיחה,,,,,,10502,10502,,2,כהן משה - הנדסה,,52,8742506,,4020,זכאים ויתרות זכות,4000,התחייבויות שוטפות,2,,0,0
,,,,30,,2022,,,20013,,,,יתרת פתיחה,,,,,,2123,2123,,2,אל אשאת סולטן ,שאיבות והובלות בטון ,50,5571911,,4020,זכאים ויתרות זכות,4000,התחייבויות שוטפות,2,,0,0
,,,,30,,2022,,,20014,,,,יתרת פתיחה,,,,,,2590,2590,,2,"אלפנדרי- שיווק לבידים בע""מ",,3,9671560,,4020,זכאים ויתרות זכות,4000,התחייבויות שוטפות,2,,0,0
,,,,30,,2022,,,20015,,,,יתרת פתיחה,,,,,,3000,3000,,2,"נ.ל. טטיאנה בע""מ",,50,5303440,,4020,זכאים ויתרות זכות,4000,התחייבויות שוטפות,2,,0,0
,,,,30,,2022,,,20016,,,,יתרת פתיחה,,,,,,2949,2949,,2,משאבות שי ,בטאן שי ,54,7773706,,4020,זכאים ויתרות זכות,4000,התחייבויות שוטפות,2,,0,0
,,,,30,,2022,,,20017,,,,יתרת פתיחה,,,,,,65463.44,68149.44,,2,"ארכה בע""מ",,73,2020260,,4020,זכאים ויתרות זכות,4000,התחייבויות שוטפות,2,,0,0
1,26/01/2022,26/01/2022,16,30,19566,2022,5,2,20017,-603,0,200,חומרי חשמל,352200051,,0,0,20,0,-603,0,2,"ארכה בע""מ",,73,2020260,,4020,זכאים ויתרות זכות,4000,התחייבויות שוטפות,2,,0,0
,,,,30,,2022,,,20018,,,,יתרת פתיחה,,,,,,19800,19800,,2,גולובן,אולג,58,4224455,,4020,זכאים ויתרות זכות,4000,התחייבויות שוטפות,2,,0,0
,,,,30,,2022,,,20019,,,,יתרת פתיחה,,,,,,221000,221000,,2,יהושע פירון - עבודות אלומיניום,,3,9611511,,4020,זכאים ויתרות זכות,4000,התחייבויות שוטפות,2,,0,0
,,,,30,,2022,,,20020,,,,יתרת פתיחה,,,,,,2050,2050,,2,"ספיגולנט מוצרי בטון 2003 בע""מ",,50,5747711,,4020,זכאים ויתרות זכות,4000,התחייבויות שוטפות,2,,0,0
,,,,30,,2022,,,20021,,,,יתרת פתיחה,,,,,,4072,4072,,2,אקו-לוגי טכנולוגיות עתידיות ,בעמ,3,6318771,,4020,זכאים ויתרות זכות,4000,התחייבויות שוטפות,2,,0,0
,,,,30,,2022,,,20022,,,,יתרת פתיחה,,,,,,1971,1971,,2,"קל דיגיטל בע""מ",,,,,4020,זכאים ויתרות זכות,4000,התחייבויות שוטפות,2,,0,0
,,,,30,,2022,,,20023,,,,יתרת פתיחה,,,,,,4347,4347,,2,פאנל סחר עץ,,3,7715025,,4020,זכאים ויתרות זכות,4000,התחייבויות שוטפות,2,,0,0
,,,,30,,2022,,,20024,,,,יתרת פתיחה,,,,,,321920.8,321920.8,,2,פרפקט ליין,,8,944144,,4020,זכאים ויתרות זכות,4000,התחייבויות שוטפות,2,,0,0
,,,,30,,2022,,,20025,,,,יתרת פתיחה,,,,,,132464,133539,,2,"מעודד צבעים בע""מ",,3,9626746,,4020,זכאים ויתרות זכות,4000,התחייבויות שוטפות,2,,0,0
,,,,30,,2022,,,20026,,,,יתרת פתיחה,,,,,,4956,4956,,2,צאלון,,52,3834135,,4020,זכאים ויתרות זכות,4000,התחייבויות שוטפות,2,,0,0
,,,,30,,2022,,,20027,,,,יתרת פתיחה,,,,,,68340,68340,,2,חיים לוי עורך דין,,3,6955100,,4020,זכאים ויתרות זכות,4000,התחייבויות שוטפות,2,,0,0
,,,,30,,2022,,,20028,,,,יתרת פתיחה,,,,,,11092,11092,,2,נגב קרמיקה,,,,,4020,זכאים ויתרות זכות,4000,התחייבויות שוטפות,2,,0,0
,,,,30,,2022,,,20029,,,,יתרת פתיחה,,,,,,7500,7500,,2,פלאח דוודים ואינסטלציה,,52,4446761,,4020,זכאים ויתרות זכות,4000,התחייבויות שוטפות,2,,0,0
,,,,30,,2022,,,20030,,,,יתרת פתיחה,,,,,,14160,14160,,2,כ.ר.נ - עבודות בניה ופיתוח בעמ,,50,4884735,,4020,זכאים ויתרות זכות,4000,התחייבויות שוטפות,2,,0,0
,,,,30,,2022,,,20034,,,,יתרת פתיחה,,,,,,72436.01,72436.01,,2,"אלי ובן אסולין קרמיקה בע""מ ",,3,9615048,,4020,זכאים ויתרות זכות,4000,התחייבויות שוטפות,2,,0,0
,,,,30,,2022,,,20035,,,,יתרת פתיחה,,,,,,944,944,,2,כחלון משה ,שאיבת בטון,50,5302785,,4020,זכאים ויתרות זכות,4000,התחייבויות שוטפות,2,,0,0
,,,,30,,2022,,,20036,,,,יתרת פתיחה,,,,,,2843,2843,,2,"אקרשטיין בע""מ ",,9,9596666,,4020,זכאים ויתרות זכות,4000,התחייבויות שוטפות,2,,0,0
,,,,30,,2022,,,20037,,,,יתרת פתיחה,,,,,,37628,37628,,2,בן תוספות בניה ואחזקה ,,52,5675724,,4020,זכאים ויתרות זכות,4000,התחייבויות שוטפות,2,,0,0
,,,,30,,2022,,,20038,,,,יתרת פתיחה,,,,,,7080,7080,,2,"אחים טל הנדסה בע""מ ",,54,4889515,,4020,זכאים ויתרות זכות,4000,התחייבויות שוטפות,2,,0,0
,,,,30,,2022,,,20039,,,,יתרת פתיחה,,,,,,7500,7500,,2,ראול שיפוצים ,,54,5742264,,4020,זכאים ויתרות זכות,4000,התחייבויות שוטפות,2,,0,0
,,,,30,,2022,,,20040,,,,יתרת פתיחה,,,,,,35500,35500,,2,אוליבר - מערכות אלומיניום,,54,2141303,,4020,זכאים ויתרות זכות,4000,התחייבויות שוטפות,2,,0,0
,,,,30,,2022,,,20041,,,,יתרת פתיחה,,,,,,155744,155744,,2,קובי בריכות שחיה ,,52,2424898,,4020,זכאים ויתרות זכות,4000,התחייבויות שוטפות,2,,0,0
,,,,30,,2022,,,20042,,,,יתרת פתיחה,,,,,,59078,59078,,2,"דלתות חמדיה בע""מ",,4,6666600,,4020,זכאים ויתרות זכות,4000,התחייבויות שוטפות,2,,0,0
,,,,30,,2022,,,20043,,,,יתרת פתיחה,,,,,,4250,4250,,2,א.י.מ הבנים ,,50,5246978,,4020,זכאים ויתרות זכות,4000,התחייבויות שוטפות,2,,0,0
,,,,30,,2022,,,20044,,,,יתרת פתיחה,,,,,,100255,100255,,2,אבי נבעה ,,50,2501000,,4020,זכאים ויתרות זכות,4000,התחייבויות שוטפות,2,,0,0
,,,,30,,2022,,,20045,,,,יתרת פתיחה,,,,,,1914,1914,,2,ימבנט ,רונן פתאל,50,2455911,,4020,זכאים ויתרות זכות,4000,התחייבויות שוטפות,2,,0,0
,,,,30,,2022,,,20046,,,,יתרת פתיחה,,,,,,4200,4200,,2,אינה עיצוב פנים,,52,2644128,,4020,זכאים ויתרות זכות,4000,התחייבויות שוטפות,2,,0,0
,,,,30,,2022,,,20047,,,,יתרת פתיחה,,,,,,25128,25128,,2,"רשפים דלתות בע""מ",,9,9512119,,4020,זכאים ויתרות זכות,4000,התחייבויות שוטפות,2,,0,0
,,,,30,,2022,,,20048,,,,יתרת פתיחה,,,,,,8496,8496,,2,זרדב יעקב,,50,5367771,,4020,זכאים ויתרות זכות,4000,התחייבויות שוטפות,2,,0,0
,,,,30,,2022,,,20049,,,,יתרת פתיחה,,,,,,3100,3100,,2,דוד שמש וחשמל אוריאל גני,,50,5308218,,4020,זכאים ויתרות זכות,4000,התחייבויות שוטפות,2,,0,0
,,,,30,,2022,,,20050,,,,יתרת פתיחה,,,,,,11490,11490,,2,בן אבו,משה,50,3777979,,4020,זכאים ויתרות זכות,4000,התחייבויות שוטפות,2,,0,0
,,,,30,,2022,,,20051,,,,יתרת פתיחה,,,,,,806,806,,2,"ה.צ.ח מוצרי חשמל בע""מ",,3,9668216,,4020,זכאים ויתרות זכות,4000,התחייבויות שוטפות,2,,0,0
,,,,30,,2022,,,20052,,,,יתרת פתיחה,,,,,,350,350,,2,שא משא ,שלומי,53,7552024,,4020,זכאים ויתרות זכות,4000,התחייבויות שוטפות,2,,0,0
,,,,30,,2022,,,20053,,,,יתרת פתיחה,,,,,,1416,1416,,2,הולילנד שרותי מדידה,,,,,4020,זכאים ויתרות זכות,4000,התחייבויות שוטפות,2,,0,0
,,,,30,,2022,,,20054,,,,יתרת פתיחה,,,,,,11000,11000,,2,"מעין דרום י.ד. בע""מ",,8,56811611,,4020,זכאים ויתרות זכות,4000,התחייבויות שוטפות,2,,0,0
,,,,30,,2022,,,20055,,,,יתרת פתיחה,,,,,,7906,7906,,2,"א.א שירותי מיגון ומפוחים בע""מ",,,,,4020,זכאים ויתרות זכות,4000,התחייבויות שוטפות,2,,0,0
,,,,30,,2022,,,20056,,,,יתרת פתיחה,,,,,,18750,18750,,2,"אבי אייר מוצרי חשמל בע""מ",,3,5568385,,4020,זכאים ויתרות זכות,4000,התחייבויות שוטפות,2,,0,0
,,,,30,,2022,,,20057,,,,יתרת פתיחה,,,,,,555,555,,2,"ק.מ.מ מפעלי מחזור בע""מ",,3,9566677,,4020,זכאים ויתרות זכות,4000,התחייבויות שוטפות,2,,0,0
,,,,30,,2022,,,20058,,,,יתרת פתיחה,,,,,,25606,25606,,2,קוזין,אלכסנדר,54,4970631,,4020,זכאים ויתרות זכות,4000,התחייבויות שוטפות,2,,0,0
,,,,30,,2022,,,20059,,,,יתרת פתיחה,,,,,,46008,46008,,2,"ר.א עוז קרמיקה ראשוןלציון בע""מ",,,,,4020,זכאים ויתרות זכות,4000,התחייבויות שוטפות,2,,0,0
,,,,30,,2022,,,20060,,,,יתרת פתיחה,,,,,,30000,30000,,2,"סנפיר יציקות אלומיניום בע""מ",,,,,4020,זכאים ויתרות זכות,4000,התחייבויות שוטפות,2,,0,0
,,,,30,,2022,,,20061,,,,יתרת פתיחה,,,,,,5200,5200,,2,"פורת מתכת בע""מ",,8,6754561,,4020,זכאים ויתרות זכות,4000,התחייבויות שוטפות,2,,0,0
,,,,30,,2022,,,20062,,,,יתרת פתיחה,,,,,,3000,3000,,2,י.א הרכבות,,57,7243444,,4020,זכאים ויתרות זכות,4000,התחייבויות שוטפות,2,,0,0
,,,,30,,2022,,,20063,,,,יתרת פתיחה,,,,,,35400,35400,,2,לביא רמי עיצוב אומנותי בבטון,,72,22613155,,4020,זכאים ויתרות זכות,4000,התחייבויות שוטפות,2,,0,0
,,,,30,,2022,,,20064,,,,יתרת פתיחה,,,,,,1840,1840,,2,דני אפרגן שיפוצים כלליים,,50,7221046,,4020,זכאים ויתרות זכות,4000,התחייבויות שוטפות,2,,0,0
,,,,30,,2022,,,20065,,,,יתרת פתיחה,,,,,,12633,12633,,2,מסגריית מ. דיירי,,,,,4020,זכאים ויתרות זכות,4000,התחייבויות שוטפות,2,,0,0
,,,,30,,2022,,,20067,,,,יתרת פתיחה,,,,,,21624,21624,,2,"ענתבי קרמיקה בע""מ",,3,9619420,,4020,זכאים ויתרות זכות,4000,התחייבויות שוטפות,2,,0,0
,,,,30,,2022,,,20068,,,,יתרת פתיחה,,,,,,5097,5097,,2,"לבקוביץ יועצים בע""מ",,50,7620239,,4020,זכאים ויתרות זכות,4000,התחייבויות שוטפות,2,,0,0
,,,,30,,2022,,,20069,,,,יתרת פתיחה,,,,,,23600,23600,,2,נאסר לשיווק חומרי בנין,,50,5777773,,4020,זכאים ויתרות זכות,4000,התחייבויות שוטפות,2,,0,0
,,,,30,,2022,,,20070,,,,יתרת פתיחה,,,,,,4720,4720,,2,עולם העץ והצללות,,3,9522948,,4020,זכאים ויתרות זכות,4000,התחייבויות שוטפות,2,,0,0
,,,,30,,2022,,,20071,,,,יתרת פתיחה,,,,,,3835,3835,,2,"בריק נורני בע""מ",,,,,4020,זכאים ויתרות זכות,4000,התחייבויות שוטפות,2,,0,0
,,,,30,,2022,,,20072,,,,יתרת פתיחה,,,,,,19800,19800,,2,"תכלת א.י בע""מ",,3,7500000,,4020,זכאים ויתרות זכות,4000,התחייבויות שוטפות,2,,0,0
,,,,30,,2022,,,20073,,,,יתרת פתיחה,,,,,,29400,29400,,2,"מון בניין ומסחר בע""מ",,54,5348705,,4020,זכאים ויתרות זכות,4000,התחייבויות שוטפות,2,,0,0
,,,,30,,2022,,,20074,,,,יתרת פתיחה,,,,,,2480,2480,,2,"מ.ג.ל עבודות גבס, עץ וברזל",,8,9351610,,4020,זכאים ויתרות זכות,4000,התחייבויות שוטפות,2,,0,0
,,,,30,,2022,,,20075,,,,יתרת פתיחה,,,,,,16544,16544,,2,"עדיגל 1989 בע""מ",,3,9625222,,4020,זכאים ויתרות זכות,4000,התחייבויות שוטפות,2,,0,0
,,,,30,,2022,,,20076,,,,יתרת פתיחה,,,,,,1097,1097,,2,"דרגות ח.ר.ח בע""מ",,3,9771799,,4020,זכאים ויתרות זכות,4000,התחייבויות שוטפות,2,,0,0
,,,,30,,2022,,,20077,,,,יתרת פתיחה,,,,,,10949.55,10949.55,,2,א.פ.עיצובים ,,73,2821922,,4020,זכאים ויתרות זכות,4000,התחייבויות שוטפות,2,,0,0
,,,,30,,2022,,,20078,,,,יתרת פתיחה,,,,,,17507,17507,,2,אהרוני הכל לבניין לבית ולגן,,3,5596680,,4020,זכאים ויתרות זכות,4000,התחייבויות שוטפות,2,,0,0
,,,,30,,2022,,,20079,,,,יתרת פתיחה,,,,,,17000,17000,,2,"/מ.ל. דלת עץ בע""מ",,3,6023004,,4020,זכאים ויתרות זכות,4000,התחייבויות שוטפות,2,,0,0
,,,,30,,2022,,,20080,,,,יתרת פתיחה,,,,,,2250,2250,,2,קהלני קרמיקה ומוצרי,,,,,4020,זכאים ויתרות זכות,4000,התחייבויות שוטפות,2,,0,0
,,,,30,,2022,,,20081,,,,יתרת פתיחה,,,,,,78000,78000,,2,איב מטבחים,,,,,4020,זכאים ויתרות זכות,4000,התחייבויות שוטפות,2,,0,0
,,,,30,,2022,,,20082,,,,יתרת פתיחה,,,,,,1000,1000,,2,סבוי מוצרי חשמל,,,,,4020,זכאים ויתרות זכות,4000,התחייבויות שוטפות,2,,0,0
,,,,30,,2022,,,20083,,,,יתרת פתיחה,,,,,,3000,3000,,2,נגרות ארונות קיר,,,,,4020,זכאים ויתרות זכות,4000,התחייבויות שוטפות,2,,0,0
,,,,30,,2022,,,20084,,,,יתרת פתיחה,,,,,,3300,3300,,2,י.גולדשטיין פרזול,,3,6826306,,4020,זכאים ויתרות זכות,4000,התחייבויות שוטפות,2,,0,0
,,,,30,,2022,,,20085,,,,יתרת פתיחה,,,,,,815,815,,2,רץ פרקט,,54,5633287,,4020,זכאים ויתרות זכות,4000,התחייבויות שוטפות,2,,0,0
,,,,30,,2022,,,20086,,,,יתרת פתיחה,,,,,,20119,20119,,2,"גל מערכות פירזול בע""מ",,3,9619955,,4020,זכאים ויתרות זכות,4000,התחייבויות שוטפות,2,,0,0
,,,,30,,2022,,,20087,,,,יתרת פתיחה,,,,,,54029,54029,,2,"בית אומנות העץ הבינלאומי בע""מ",,3,5182306,,4020,זכאים ויתרות זכות,4000,התחייבויות שוטפות,2,,0,0
,,,,30,,2022,,,20088,,,,יתרת פתיחה,,,,,,20000,20000,,2,"נדל""ן סטייט",,54,7375499,,4020,זכאים ויתרות זכות,4000,התחייבויות שוטפות,2,,0,0
,,,,30,,2022,,,20090,,,,יתרת פתיחה,,,,,,4760,4760,,2,"עיצוב הכסא והבר בע""מ",,3,9799992,,4020,זכאים ויתרות זכות,4000,התחייבויות שוטפות,2,,0,0
,,,,30,,2022,,,20091,,,,יתרת פתיחה,,,,,,45346,45346,,2,"אלומיניום ורד (1993) בע""מ",,3,5189595,,4020,זכאים ויתרות זכות,4000,התחייבויות שוטפות,2,,0,0
,,,,30,,2022,,,20092,,,,יתרת פתיחה,,,,,,56825,56825,,2,שרון מיזוג אויר,,522,,,4020,זכאים ויתרות זכות,4000,התחייבויות שוטפות,2,,0,0
,,,,30,,2022,,,20093,,,,יתרת פתיחה,,,,,,3700,3700,,2,מיי דור MY DOOR,,,,,4020,זכאים ויתרות זכות,4000,התחייבויות שוטפות,2,,0,0
,,,,30,,2022,,,20095,,,,יתרת פתיחה,,,,,,6652,6652,,2,הנגרים,,3,6810134,,4020,זכאים ויתרות זכות,4000,התחייבויות שוטפות,2,,0,0
,,,,30,,2022,,,20096,,,,יתרת פתיחה,,,,,,1000,1000,,2,גרינברג,איתי,,,,4020,זכאים ויתרות זכות,4000,התחייבויות שוטפות,2,,0,0
,,,,30,,2022,,,20097,,,,יתרת פתיחה,,,,,,3250,3250,,2,"מיליון כסאות בע""מ",,,,,4020,זכאים ויתרות זכות,4000,התחייבויות שוטפות,2,,0,0
,,,,30,,2022,,,20098,,,,יתרת פתיחה,,,,,,1091,1091,,2,"די.אר.אס סולאר בע""מ",,,,,4020,זכאים ויתרות זכות,4000,התחייבויות שוטפות,2,,0,0
,,,,30,,2022,,,20099,,,,יתרת פתיחה,,,,,,10000,10000,,2,"א.ל.מ סחר 2000 בע""מ",,,,,4020,זכאים ויתרות זכות,4000,התחייבויות שוטפות,2,,0,0
,,,,30,,2022,,,20100,,,,יתרת פתיחה,,,,,,250,250,,2,"גואטה אביגדור בע""מ",,,,,4020,זכאים ויתרות זכות,4000,התחייבויות שוטפות,2,,0,0
,,,,30,,2022,,,20103,,,,יתרת פתיחה,,,,,,702,702,,2,דורושנקו,ארטיום,,,,4020,זכאים ויתרות זכות,4000,התחייבויות שוטפות,2,,0,0
,,,,30,,2022,,,20104,,,,יתרת פתיחה,,,,,,26071939.12,26071939.12,,2,רשות מקרקעי ישראל,,,,,4020,זכאים ויתרות זכות,4000,התחייבויות שוטפות,2,,0,0
,,,,30,,2022,,,20105,,,,יתרת פתיחה,,,,,,10404,10404,,2,מסביב לשעון אינסטלנטורים-טרמוק,,50,8916806,,4020,זכאים ויתרות זכות,4000,התחייבויות שוטפות,2,,0,0
,,,,30,,2022,,,20106,,,,יתרת פתיחה,,,,,,3500,3500,,2,סויב-וייז SAVEWISE,,52,7987775,,4020,זכאים ויתרות זכות,4000,התחייבויות שוטפות,2,,0,0
,,,,30,,2022,,,20107,,,,יתרת פתיחה,,,,,,1170,1170,,2,אילון אדריכלים - אילון,עמי,3,5789385,,4020,זכאים ויתרות זכות,4000,התחייבויות שוטפות,2,,0,0
,,,,30,,2022,,,20108,,,,יתרת פתיחה,,,,,,87784,87784,,2,"אביאל אדריכלים בע""מ",,9,7619715,,4020,זכאים ויתרות זכות,4000,התחייבויות שוטפות,2,,0,0
,,,,30,,2022,,,20109,,,,יתרת פתיחה,,,,,,776,776,,2,חסין רינה,,3,6932832,,4020,זכאים ויתרות זכות,4000,התחייבויות שוטפות,2,,0,0
,,,,30,,2022,,,20110,,,,יתרת פתיחה,,,,,,5836.32,5836.32,,2,"רשתות תאורה בע""מ",,,,,4020,זכאים ויתרות זכות,4000,התחייבויות שוטפות,2,,0,0
,,,,30,,2022,,,20111,,,,יתרת פתיחה,,,,,,5265,5265,,2,וילונות רפאל ,,3,5298887,,4020,זכאים ויתרות זכות,4000,התחייבויות שוטפות,2,,0,0
,,,,30,,2022,,,20112,,,,יתרת פתיחה,,,,,,700,700,,2,ארט מטבחים,,,,,4020,זכאים ויתרות זכות,4000,התחייבויות שוטפות,2,,0,0
,,,,30,,2022,,,20113,,,,יתרת פתיחה,,,,,,8079,8079,,2,"לייזר מכוני העתקות בע""מ",,9,7411593,,4020,זכאים ויתרות זכות,4000,התחייבויות שוטפות,2,,0,0
,,,,30,,2022,,,20114,,,,יתרת פתיחה,,,,,,800,800,,2,ליטרה שרותי תרגום,,3,6206739,,4020,זכאים ויתרות זכות,4000,התחייבויות שוטפות,2,,0,0
,,,,30,,2022,,,20116,,,,יתרת פתיחה,,,,,,8190,8190,,2,דיא חג' יחיא הנדסה ובניה,,9,7990846,,4020,זכאים ויתרות זכות,4000,התחייבויות שוטפות,2,,0,0
,,,,30,,2022,,,20118,,,,יתרת פתיחה,,,,,,8306.57,8306.57,,2,"הוט מובייל בע""מ",,,,,4020,זכאים ויתרות זכות,4000,התחייבויות שוטפות,2,,0,0
1,15/01/2022,15/01/2022,23,30,19581,2022,11,2,20118,30,0,207,הוט 16.12.21-15.1.22,105064663,,0,0,20,0,30,0,2,"הוט מובייל בע""מ",,,,,4020,זכאים ויתרות זכות,4000,התחייבויות שוטפות,2,,0,0
1,15/01/2022,15/01/2022,51,30,19584,2022,12,1,20118,30,0,3,הוט 16.12.21-15.1.22,105064663,,0,0,20,30,0,0,2,"הוט מובייל בע""מ",,,,,4020,זכאים ויתרות זכות,4000,התחייבויות שוטפות,2,,0,0
,,,,30,,2022,,,20119,,,,יתרת פתיחה,,,,,,690,690,,2,"ברק תאורה ש.ב. עיצובים בע""מ",,,,,4020,זכאים ויתרות זכות,4000,התחייבויות שוטפות,2,,0,0
,,,,30,,2022,,,20120,,,,יתרת פתיחה,,,,,,107099.54,107099.54,,2,החברה הכלכלית לפיתוח דרום השרו,,,,,4020,זכאים ויתרות זכות,4000,התחייבויות שוטפות,2,,0,0
,,,,30,,2022,,,20121,,,,יתרת פתיחה,,,,,,1369,1369,,2,"ש.י פביאן בע""מ",,,,,4020,זכאים ויתרות זכות,4000,התחייבויות שוטפות,2,,0,0
,,,,30,,2022,,,20123,,,,יתרת פתיחה,,,,,,1750,1750,,2,א.ש השבחת נכסים - עבודות בניה ,,,,,4020,זכאים ויתרות זכות,4000,התחייבויות שוטפות,2,,0,0
,,,,30,,2022,,,20124,,,,יתרת פתיחה,,,,,,1600,1600,,2,זגג איציק,,,,,4020,זכאים ויתרות זכות,4000,התחייבויות שוטפות,2,,0,0
,,,,30,,2022,,,20126,,,,יתרת פתיחה,,,,,,12492,12492,,2,ח.איאד מהנדס בניין,,9,9569428,,4020,זכאים ויתרות זכות,4000,התחייבויות שוטפות,2,,0,0
,,,,30,,2022,,,20128,,,,יתרת פתיחה,,,,,,113256,113256,,2,"אחים אבו סקיק חציבה וגריסה בע""",,,,,4020,זכאים ויתרות זכות,4000,התחייבויות שוטפות,2,,0,0
,,,,30,,2022,,,20130,,,,יתרת פתיחה,,,,,,852857,857581,,2,"גיוסי חברה לשיווק ומסחר בע""מ",,,,,4020,זכאים ויתרות זכות,4000,התחייבויות שוטפות,2,,0,0
4,30/04/2022,30/04/2022,16,30,19708,2022,10,2,20130,12204,0,200,ברזל,173079,,0,0,20,0,12204,0,2,"גיוסי חברה לשיווק ומסחר בע""מ",,,,,4020,זכאים ויתרות זכות,4000,התחייבויות שוטפות,2,,0,0
,,,,30,,2022,,,20131,,,,יתרת פתיחה,,,,,,9688,9688,,2,"אלמוג גדרות בע""מ",,,,,4020,זכאים ויתרות זכות,4000,התחייבויות שוטפות,2,,0,0
,,,,30,,2022,,,20132,,,,יתרת פתיחה,,,,,,30000,30000,,2,פלד יעקב,,,,,4020,זכאים ויתרות זכות,4000,התחייבויות שוטפות,2,,0,0
,,,,30,,2022,,,20140,,,,יתרת פתיחה,,,,,,47736,47736,,2,"מולטי דור לוק בע""מ",,,,,4020,זכאים ויתרות זכות,4000,התחייבויות שוטפות,2,,0,0
,,,,30,,2022,,,20141,,,,יתרת פתיחה,,,,,,1035,1035,,2,"גיא פתרונות מים חכמים בע""מ",,,,,4020,זכאים ויתרות זכות,4000,התחייבויות שוטפות,2,,0,0
,,,,30,,2022,,,20142,,,,יתרת פתיחה,,,,,,8190,8190,,2,"זליו דיאמנדי בע""מ",,,,,4020,זכאים ויתרות זכות,4000,התחייבויות שוטפות,2,,0,0
,,,,30,,2022,,,20143,,,,יתרת פתיחה,,,,,,13681,13681,,2, רוזנפלד דסקל יעוץ ניהול והשקע,,52,3835392,,4020,זכאים ויתרות זכות,4000,התחייבויות שוטפות,2,,0,0
,,,,30,,2022,,,20144,,,,יתרת פתיחה,,,,,,25226,25226,,2,"מחצבת ורד בע""מ",,3,9169500,,4020,זכאים ויתרות זכות,4000,התחייבויות שוטפות,2,,0,0
,,,,30,,2022,,,20145,,,,יתרת פתיחה,,,,,,13338,13338,,2,אלומיניום לביא,,52,5456129,,4020,זכאים ויתרות זכות,4000,התחייבויות שוטפות,2,,0,0
,,,,30,,2022,,,20146,,,,יתרת פתיחה,,,,,,996.84,996.84,,2,"חשבונית ירוקה בע""מ",,,,,4020,זכאים ויתרות זכות,4000,התחייבויות שוטפות,2,,0,0
,,,,30,,2022,,,20147,,,,יתרת פתיחה,,,,,,1404,1404,,2,ניר שירותי אינסטלציה,,,,,4020,זכאים ויתרות זכות,4000,התחייבויות שוטפות,2,,0,0
,,,,30,,2022,,,20148,,,,יתרת פתיחה,,,,,,286520,286520,,2,"מ.עסאף בנין ומסגרות בע""מ",,,,,4020,זכאים ויתרות זכות,4000,התחייבויות שוטפות,2,,0,0
,,,,30,,2022,,,20149,,,,יתרת פתיחה,,,,,,5850,5850,,2,י.אלוני,,3,7519642,,4020,זכאים ויתרות זכות,4000,התחייבויות שוטפות,2,,0,0
,,,,30,,2022,,,20150,,,,יתרת פתיחה,,,,,,19719.93,19719.93,,2,"חברת פרטנר תקשורת בע""מ",,,,,4020,זכאים ויתרות זכות,4000,התחייבויות שוטפות,2,,0,0
1,19/01/2022,19/01/2022,24,30,19586,2022,13,2,20150,136.43,0,208,פרטנר 19.12.21-18.1.22,9546870122,,0,0,20,0,136.43,0,2,"חברת פרטנר תקשורת בע""מ",,,,,4020,זכאים ויתרות זכות,4000,התחייבויות שוטפות,2,,0,0
1,19/01/2022,19/01/2022,65,30,19590,2022,14,2,20150,139.46,0,3,פרטנר 19.12.21-18.1.22,9546870122,,0,0,20,0,139.46,0,2,"חברת פרטנר תקשורת בע""מ",,,,,4020,זכאים ויתרות זכות,4000,התחייבויות שוטפות,2,,0,0
1,19/01/2022,19/01/2022,51,30,19591,2022,15,1,20150,275.89,0,3,פרטנר 19.12.21-18.1.22,,,0,0,20,275.89,0,0,2,"חברת פרטנר תקשורת בע""מ",,,,,4020,זכאים ויתרות זכות,4000,התחייבויות שוטפות,2,,0,0
4,09/03/2022,09/03/2022,,30,19857,2022,84,1,20150,492.69,0,1,פרטנר חיוב,,,0,0,20,492.69,0,0,2,"חברת פרטנר תקשורת בע""מ",,,,,4020,זכאים ויתרות זכות,4000,התחייבויות שוטפות,2,,0,0
4,05/04/2022,05/04/2022,,30,19864,2022,92,1,20150,387.07,0,1,פרטנר חיוב,,,0,0,20,387.07,0,0,2,"חברת פרטנר תקשורת בע""מ",,,,,4020,זכאים ויתרות זכות,4000,התחייבויות שוטפות,2,,0,0
4,19/04/2022,19/04/2022,24,30,19721,2022,15,2,20150,428.7,0,3,פרטנר 19.3-18.4.22,1151790422,,0,0,20,0,428.7,0,2,"חברת פרטנר תקשורת בע""מ",,,,,4020,זכאים ויתרות זכות,4000,התחייבויות שוטפות,2,,0,0
4,19/04/2022,19/04/2022,24,30,19722,2022,16,2,20150,46.73,0,208,פרטנר 19.3-18.4.22,1151790423,,0,0,20,0,46.73,0,2,"חברת פרטנר תקשורת בע""מ",,,,,4020,זכאים ויתרות זכות,4000,התחייבויות שוטפות,2,,0,0
4,19/04/2022,19/04/2022,43,30,19726,2022,17,2,20150,168.82,0,3,פרטנר 19.3-18.4.22,1151790423,,0,0,20,0,168.82,0,2,"חברת פרטנר תקשורת בע""מ",,,,,4020,זכאים ויתרות זכות,4000,התחייבויות שוטפות,2,,0,0
4,19/04/2022,19/04/2022,51,30,19727,2022,18,1,20150,644.25,0,3,פרטנר 19.3-18.4.22,1151790423,,0,0,20,644.25,0,0,2,"חברת פרטנר תקשורת בע""מ",,,,,4020,זכאים ויתרות זכות,4000,התחייבויות שוטפות,2,,0,0
,,,,30,,2022,,,20152,,,,יתרת פתיחה,,,,,,1900,1900,,2,אשד התקנת משקופים עיוורים לדלת,,50,3669555,,4020,זכאים ויתרות זכות,4000,התחייבויות שוטפות,2,,0,0
,,,,30,,2022,,,20153,,,,יתרת פתיחה,,,,,,25249,25249,,2,"טוואר הנדסה ובנייה בע""מ",,9,9569428,,4020,זכאים ויתרות זכות,4000,התחייבויות שוטפות,2,,0,0
,,,,30,,2022,,,20154,,,,יתרת פתיחה,,,,,,15500,15500,,2,"א.י.ל מערכות בניין בע""מ",,77,4550362,,4020,זכאים ויתרות זכות,4000,התחייבויות שוטפות,2,,0,0
,,,,30,,2022,,,20156,,,,יתרת פתיחה,,,,,,107405,112553,,2,שריונית חסם שיווק דלתות איכות ,,3,9521234,,4020,זכאים ויתרות זכות,4000,התחייבויות שוטפות,2,,0,0
,,,,30,,2022,,,20157,,,,יתרת פתיחה,,,,,,6350,6350,,2,שיריונית חסם שיווק דלתות איכות,,,,,4020,זכאים ויתרות זכות,4000,התחייבויות שוטפות,2,,0,0
,,,,30,,2022,,,20158,,,,יתרת פתיחה,,,,,,0,0,,2,ש.בן עמי,,,,,4020,זכאים ויתרות זכות,4000,התחייבויות שוטפות,2,,0,0
,,,,30,,2022,,,20159,,,,יתרת פתיחה,,,,,,2481.29,2481.29,,2,"ל.ד ישראל אוטו אקוויפמנט בע""מ",,,,,4020,זכאים ויתרות זכות,4000,התחייבויות שוטפות,2,,0,0
,,,,30,,2022,,,20162,,,,יתרת פתיחה,,,,,,2500,2500,,2,"ראם ספורט ומחנאות 2013 בע""מ",,,,,4020,זכאים ויתרות זכות,4000,התחייבויות שוטפות,2,,0,0
,,,,30,,2022,,,20164,,,,יתרת פתיחה,,,,,,5600,5600,,2,סופר אבי,,,,,4020,זכאים ויתרות זכות,4000,התחייבויות שוטפות,2,,0,0
,,,,30,,2022,,,20165,,,,יתרת פתיחה,,,,,,1170,1170,,2,"מאיר מזרחי ושות' משרד עו""ד",,,,,4020,זכאים ויתרות זכות,4000,התחייבויות שוטפות,2,,0,0
,,,,30,,2022,,,20166,,,,יתרת פתיחה,,,,,,488000,505160,,2,אלום אלח'טיב,,,,,4020,זכאים ויתרות זכות,4000,התחייבויות שוטפות,2,,0,0
,,,,30,,2022,,,20168,,,,יתרת פתיחה,,,,,,4400,4400,,2,גינון אדיר,,,,,4020,זכאים ויתרות זכות,4000,התחייבויות שוטפות,2,,0,0
,,,,30,,2022,,,20169,,,,יתרת פתיחה,,,,,,250,250,,2,מובילי בן דוד,,,,,4020,זכאים ויתרות זכות,4000,התחייבויות שוטפות,2,,0,0
,,,,30,,2022,,,20170,,,,יתרת פתיחה,,,,,,32200,32200,,2,מיכאל קלינגר,,,,,4020,זכאים ויתרות זכות,4000,התחייבויות שוטפות,2,,0,0
,,,,30,,2022,,,20171,,,,יתרת פתיחה,,,,,,56535,56535,,2,טרלידור סורגים מתקפלים 1991 בע,,,,,4020,זכאים ויתרות זכות,4000,התחייבויות שוטפות,2,,0,0
,,,,30,,2022,,,20172,,,,יתרת פתיחה,,,,,,10765,10765,,2,פרגולנד - פתרונות בנייה קלה בע,,,,,4020,זכאים ויתרות זכות,4000,התחייבויות שוטפות,2,,0,0
,,,,30,,2022,,,20173,,,,יתרת פתיחה,,,,,,136914,136914,,2,אבו שקרה תופיק,,,,,4020,זכאים ויתרות זכות,4000,התחייבויות שוטפות,2,,0,0
,,,,30,,2022,,,20174,,,,יתרת פתיחה,,,,,,61450,61450,,2,רנטלטק,,,,,4020,זכאים ויתרות זכות,4000,התחייבויות שוטפות,2,,0,0
,,,,30,,2022,,,20175,,,,יתרת פתיחה,,,,,,52255,52255,,2,"לב דלתות ומוצרי בטחון בע""מ",,,,,4020,זכאים ויתרות זכות,4000,התחייבויות שוטפות,2,,0,0
,,,,30,,2022,,,20177,,,,יתרת פתיחה,,,,,,60645,60645,,2,"א.ב דלתות איכות בע""מ",,,,,4020,זכאים ויתרות זכות,4000,התחייבויות שוטפות,2,,0,0
,,,,30,,2022,,,20178,,,,יתרת פתיחה,,,,,,6879.07,6879.07,,2,טריפל סי,,,,,4020,זכאים ויתרות זכות,4000,התחייבויות שוטפות,2,,0,0
,,,,30,,2022,,,20179,,,,יתרת פתיחה,,,,,,51700,51700,,2,דלקוב שיווק,,,,,4020,זכאים ויתרות זכות,4000,התחייבויות שוטפות,2,,0,0
,,,,30,,2022,,,20180,,,,יתרת פתיחה,,,,,,161315,161315,,2,חאג' יחיא אחמד,,50,5411477,,4020,זכאים ויתרות זכות,4000,התחייבויות שוטפות,2,,0,0
,,,,30,,2022,,,20181,,,,יתרת פתיחה,,,,,,14040,14040,,2,הדר HADAR,,,,,4020,זכאים ויתרות זכות,4000,התחייבויות שוטפות,2,,0,0
,,,,30,,2022,,,20182,,,,יתרת פתיחה,,,,,,7400,7400,,2,עשירי מתן,,,,,4020,זכאים ויתרות זכות,4000,התחייבויות שוטפות,2,,0,0
,,,,30,,2022,,,20185,,,,יתרת פתיחה,,,,,,11800,11800,,2,ט.נ. מחשבים אברהמי משה,,,,,4020,זכאים ויתרות זכות,4000,התחייבויות שוטפות,2,,0,0
,,,,30,,2022,,,20186,,,,יתרת פתיחה,,,,,,65580,65580,,2,"אטלס הנדסה ושווק בע""מ",,,,,4020,זכאים ויתרות זכות,4000,התחייבויות שוטפות,2,,0,0
,,,,30,,2022,,,20187,,,,יתרת פתיחה,,,,,,1044.35,1044.35,,2,"דרך ארץ הייווייז (1997) בע""מ",,,,,4020,זכאים ויתרות זכות,4000,התחייבויות שוטפות,2,,0,0
,,,,30,,2022,,,20189,,,,יתרת פתיחה,,,,,,3598,3598,,2,"מאור שטרוזר שאיבת בטון בע""מ",,,,,4020,זכאים ויתרות זכות,4000,התחייבויות שוטפות,2,,0,0
,,,,30,,2022,,,20190,,,,יתרת פתיחה,,,,,,14040,14040,,2,מ. אחים פרחאני,,,,,4020,זכאים ויתרות זכות,4000,התחייבויות שוטפות,2,,0,0
,,,,30,,2022,,,20193,,,,יתרת פתיחה,,,,,,1490,1490,,2,"עזראלי אי קומרס בע""מ",,,,,4020,זכאים ויתרות זכות,4000,התחייבויות שוטפות,2,,0,0
,,,,30,,2022,,,20196,,,,יתרת פתיחה,,,,,,2574,2574,,2,ליבוביץ,שלומי,,,,4020,זכאים ויתרות זכות,4000,התחייבויות שוטפות,2,,0,0
,,,,30,,2022,,,20197,,,,יתרת פתיחה,,,,,,166374,166374,,2,קורן איילת - אדריכלים,,52,4626616,,4020,זכאים ויתרות זכות,4000,התחייבויות שוטפות,2,,0,0
3,17/03/2022,17/03/2022,231,30,19617,2022,4,2,20197,46332,0,200,תכנון אדריכלי,50601,,0,0,20,0,46332,0,2,קורן איילת - אדריכלים,,52,4626616,,4020,זכאים ויתרות זכות,4000,התחייבויות שוטפות,2,,0,0
3,17/03/2022,17/03/2022,41,30,19620,2022,5,1,20197,46332,0,3,העברה קורן אילת,50601,,0,0,20,46332,0,0,2,קורן איילת - אדריכלים,,52,4626616,,4020,זכאים ויתרות זכות,4000,התחייבויות שוטפות,2,,0,0
,,,,30,,2022,,,20199,,,,יתרת פתיחה,,,,,,2983,2983,,2,"ר.מוסא הובלות ופיתוח בע""מ",,,,,4020,זכאים ויתרות זכות,4000,התחייבויות שוטפות,2,,0,0
,,,,30,,2022,,,20203,,,,יתרת פתיחה,,,,,,5850,5850,,2,"יוסף גביזון - משרד עו""ד וגישור",,,,,4020,זכאים ויתרות זכות,4000,התחייבויות שוטפות,2,,0,0
,,,,30,,2022,,,20206,,,,יתרת פתיחה,,,,,,2600,2600,,2,"בני הורביץ בע""מ",,,,,4020,זכאים ויתרות זכות,4000,התחייבויות שוטפות,2,,0,0
,,,,30,,2022,,,20207,,,,יתרת פתיחה,,,,,,7909,7909,,2,אחים אלבנא עבודות חשמל כלליות,,,,,4020,זכאים ויתרות זכות,4000,התחייבויות שוטפות,2,,0,0
,,,,30,,2022,,,20211,,,,יתרת פתיחה,,,,,,819,819,,2,"עמוס אילן עו""ד ונוטריון",,,,,4020,זכאים ויתרות זכות,4000,התחייבויות שוטפות,2,,0,0
,,,,30,,2022,,,20212,,,,יתרת פתיחה,,,,,,4680,4680,,2,"מזור הנדסה ושמאות מקרקעין בע""מ",,,,,4020,זכאים ויתרות זכות,4000,התחייבויות שוטפות,2,,0,0
,,,,30,,2022,,,20213,,,,יתרת פתיחה,,,,,,198900,198900,,2,"אדיר שלום בע""מ",,,,,4020,זכאים ויתרות זכות,4000,התחייבויות שוטפות,2,,0,0
,,,,30,,2022,,,20214,,,,יתרת פתיחה,,,,,,1053,1053,,2,אורי קראוזה - אגרונום,,,,,4020,זכאים ויתרות זכות,4000,התחייבויות שוטפות,2,,0,0
,,,,30,,2022,,,20215,,,,יתרת פתיחה,,,,,,2803,2803,,2,"פי.סי סנטר מחשבים בע""מ",,,,,4020,זכאים ויתרות זכות,4000,התחייבויות שוטפות,2,,0,0
,,,,30,,2022,,,20216,,,,יתרת פתיחה,,,,,,29250,29250,,2,"נמרוד כנפי עו""ד",,,,,4020,זכאים ויתרות זכות,4000,התחייבויות שוטפות,2,,0,0
,,,,30,,2022,,,20219,,,,יתרת פתיחה,,,,,,4350,4350,,2,אינג' י.מרגלית - מהנדס יועץ,,,,,4020,זכאים ויתרות זכות,4000,התחייבויות שוטפות,2,,0,0
,,,,30,,2022,,,20222,,,,יתרת פתיחה,,,,,,11700,11700,,2,אחים עיסא להנדסה,,,,,4020,זכאים ויתרות זכות,4000,התחייבויות שוטפות,2,,0,0
,,,,30,,2022,,,20223,,,,יתרת פתיחה,,,,,,7492.01,7492.01,,2,מחסני חשמל,,,,,4020,זכאים ויתרות זכות,4000,התחייבויות שוטפות,2,,0,0
,,,,30,,2022,,,20224,,,,יתרת פתיחה,,,,,,1404,1404,,2,יאנובסקי הנדסת מערכות,,,,,4020,זכאים ויתרות זכות,4000,התחייבויות שוטפות,2,,0,0
,,,,30,,2022,,,20225,,,,יתרת פתיחה,,,,,,10376.23,10376.23,,2,מיתב תאגיד אזורי למים וביוב בע,,,,,4020,זכאים ויתרות זכות,4000,התחייבויות שוטפות,2,,0,0
,,,,30,,2022,,,20226,,,,יתרת פתיחה,,,,,,5265,5265,,2,"שרביט שפירא שושי בע""מ",,,,,4020,זכאים ויתרות זכות,4000,התחייבויות שוטפות,2,,0,0
,,,,30,,2022,,,20228,,,,יתרת פתיחה,,,,,,8776,8776,,2,משה ברנע,,,,,4020,זכאים ויתרות זכות,4000,התחייבויות שוטפות,2,,0,0
,,,,30,,2022,,,20229,,,,יתרת פתיחה,,,,,,117000,117000,,2,"שי פרטוש עו""ד",,,,,4020,זכאים ויתרות זכות,4000,התחייבויות שוטפות,2,,0,0
,,,,30,,2022,,,20230,,,,יתרת פתיחה,,,,,,2340,2340,,2,א-סטודיו הדמיה ממוחשבת,,,,,4020,זכאים ויתרות זכות,4000,התחייבויות שוטפות,2,,0,0
,,,,30,,2022,,,20231,,,,יתרת פתיחה,,,,,,13689,13689,,2,"ס.דניאל מתן שרותי יעוץ בע""מ",,,,,4020,זכאים ויתרות זכות,4000,התחייבויות שוטפות,2,,0,0
,,,,30,,2022,,,20232,,,,יתרת פתיחה,,,,,,5850,0,,2,גולדקלנג יוסף,,,,,4020,זכאים ויתרות זכות,4000,התחייבויות שוטפות,2,,0,0
,,,,30,,2022,,,20233,,,,יתרת פתיחה,,,,,,5850,5850,,2,"איגל מחשבים ורשתות בע""מ",,,,,4020,זכאים ויתרות זכות,4000,התחייבויות שוטפות,2,,0,0
,,,,30,,2022,,,20234,,,,יתרת פתיחה,,,,,,1643,876,,2,"זיו שרון ושות' עו""ד",,,,,4020,זכאים ויתרות זכות,4000,התחייבויות שוטפות,2,,0,0
3,24/03/2022,24/03/2022,229,30,19612,2022,2,2,20235,4778,0,200,צילומים,13890,,0,0,20,0,4778,0,2,"היפר גרף בע""מ",,,,,4020,זכאים ויתרות זכות,4000,התחייבויות שוטפות,2,,0,0
3,30/03/2022,30/03/2022,41,30,19615,2022,3,1,20235,4778,0,3,העברה ,13890,,0,0,20,4778,0,0,2,"היפר גרף בע""מ",,,,,4020,זכאים ויתרות זכות,4000,התחייבויות שוטפות,2,,0,0
4,17/04/2022,17/04/2022,180,30,19703,2022,8,2,20236,16672.5,0,200,יעוץ מכירות,3,,0,0,20,0,16672.5,0,2,"שרה אסולין תיווך נדל""ן ויועצת ",,,,,4020,זכאים ויתרות זכות,4000,התחייבויות שוטפות,2,,0,0
4,17/04/2022,17/04/2022,41,30,19706,2022,9,1,20236,16672.5,0,3,העברה שרה אסולין,3,,0,0,20,16672.5,0,0,2,"שרה אסולין תיווך נדל""ן ויועצת ",,,,,4020,זכאים ויתרות זכות,4000,התחייבויות שוטפות,2,,0,0
,,,,31,,2022,,,1,,,,יתרת פתיחה,,,,,,3789109.44,3789109.44,,2,"מע""מ עיסקאות",,,,,4020,זכאים ויתרות זכות,4000,התחייבויות שוטפות,2,,0,0
,,,,31,,2022,,,2,,,,יתרת פתיחה,,,,,,6839.61,6839.61,,2,"מע""מ תשומות ציוד",,,,,4020,זכאים ויתרות זכות,4000,התחייבויות שוטפות,2,,0,0
,,,,31,,2022,,,3,,,,יתרת פתיחה,,,,,,5487981.91,5487981.91,,2,"מע""מ תשומות",,,,,4020,זכאים ויתרות זכות,4000,התחייבויות שוטפות,2,,0,0
1,06/01/2022,06/01/2022,51,31,19559,2022,2,1,3,29.06,0,250,חומרי בנין,,1,0,0,0,29.06,0,0,2,"מע""מ תשומות",,,,,4020,זכאים ויתרות זכות,4000,התחייבויות שוטפות,2,,0,0
1,13/01/2022,13/01/2022,51,31,19562,2022,3,1,3,11.04,0,250,חומרי בנין,120389,1,0,0,0,11.04,0,0,2,"מע""מ תשומות",,,,,4020,זכאים ויתרות זכות,4000,התחייבויות שוטפות,2,,0,0
1,13/01/2022,13/01/2022,51,31,19565,2022,4,1,3,10.03,0,250,חומרי בנין,120392,1,0,0,0,10.03,0,0,2,"מע""מ תשומות",,,,,4020,זכאים ויתרות זכות,4000,התחייבויות שוטפות,2,,0,0
1,15/01/2022,15/01/2022,20118,31,19583,2022,11,1,3,4.36,0,207,הוט 16.12.21-15.1.22,105064663,,0,0,0,4.36,0,0,2,"מע""מ תשומות",,,,,4020,זכאים ויתרות זכות,4000,התחייבויות שוטפות,2,,0,0
2,16/01/2022,16/01/2022,43,31,19595,2022,1,1,3,181.04,0,250,פרסום בגדי ספורט,676,1,0,0,0,181.04,0,0,2,"מע""מ תשומות",,,,,4020,זכאים ויתרות זכות,4000,התחייבויות שוטפות,2,,0,0
1,16/01/2022,16/01/2022,83,31,19574,2022,7,1,3,170,0,212,"שכ""ט 1/22",14065,,0,0,0,170,0,0,2,"מע""מ תשומות",,,,,4020,זכאים ויתרות זכות,4000,התחייבויות שוטפות,2,,0,0
1,19/01/2022,19/01/2022,20150,31,19588,2022,13,1,3,13.22,0,208,פרטנר 19.12.21-18.1.22,9546870122,,0,0,0,13.22,0,0,2,"מע""מ תשומות",,,,,4020,זכאים ויתרות זכות,4000,התחייבויות שוטפות,2,,0,0
1,26/01/2022,26/01/2022,20017,31,19568,2022,5,1,3,-87.62,0,200,חומרי חשמל,352200051,,0,0,0,-87.62,0,0,2,"מע""מ תשומות",,,,,4020,זכאים ויתרות זכות,4000,התחייבויות שוטפות,2,,0,0
1,31/01/2022,31/01/2022,75,31,19571,2022,6,1,3,1105.73,0,200,אבנים משתלבות,17832,,0,0,0,1105.73,0,0,2,"מע""מ תשומות",,,,,4020,זכאים ויתרות זכות,4000,התחייבויות שוטפות,2,,0,0
1,31/01/2022,31/01/2022,52,31,19683,2022,16,2,3,1256,0,601,העברה 1/22,,,0,0,0,0,1256,0,2,"מע""מ תשומות",,,,,4020,זכאים ויתרות זכות,4000,התחייבויות שוטפות,2,,0,0
1,31/01/2022,31/01/2022,59,31,19684,2022,17,1,3,0.18,0,3,העברה 1/22,,,0,0,0,0.18,0,0,2,"מע""מ תשומות",,,,,4020,זכאים ויתרות זכות,4000,התחייבויות שוטפות,2,,0,0
2,02/02/2022,02/02/2022,51,31,19605,2022,5,1,3,10.32,0,250,דמי מסלול תמי 4,370548,1,0,0,0,10.32,0,0,2,"מע""מ תשומות",,,,,4020,זכאים ויתרות זכות,4000,התחייבויות שוטפות,2,,0,0
2,18/02/2022,18/02/2022,43,31,19602,2022,4,1,3,34.17,0,250,מים 28.10-31.12.21,470,1,0,0,0,34.17,0,0,2,"מע""מ תשומות",,,,,4020,זכאים ויתרות זכות,4000,התחייבויות שוטפות,2,,0,0
2,28/02/2022,28/02/2022,52,31,19679,2022,8,2,3,225,0,601,העברה 2/22,,,0,0,0,0,225,0,2,"מע""מ תשומות",,,,,4020,זכאים ויתרות זכות,4000,התחייבויות שוטפות,2,,0,0
2,28/02/2022,28/02/2022,59,31,19681,2022,9,2,3,0.53,0,3,העברה 2/22,,,0,0,0,0,0.53,0,2,"מע""מ תשומות",,,,,4020,זכאים ויתרות זכות,4000,התחייבויות שוטפות,2,,0,0
3,02/03/2022,02/03/2022,51,31,19672,2022,30,1,3,10.32,0,250,תמי 4 דמי מסלול,729592,1,0,0,0,10.32,0,0,2,"מע""מ תשומות",,,,,4020,זכאים ויתרות זכות,4000,התחייבויות שוטפות,2,,0,0
3,17/03/2022,17/03/2022,20197,31,19619,2022,4,1,3,6732,0,200,תכנון אדריכלי,50601,,0,0,0,6732,0,0,2,"מע""מ תשומות",,,,,4020,זכאים ויתרות זכות,4000,התחייבויות שוטפות,2,,0,0
3,21/03/2022,21/03/2022,83,31,19677,2022,32,1,3,85,0,221,"שכ""ט 2/22",14107,,0,0,0,85,0,0,2,"מע""מ תשומות",,,,,4020,זכאים ויתרות זכות,4000,התחייבויות שוטפות,2,,0,0
3,24/03/2022,24/03/2022,20235,31,19614,2022,2,1,3,694.24,0,200,צילומים,13890,,0,0,0,694.24,0,0,2,"מע""מ תשומות",,,,,4020,זכאים ויתרות זכות,4000,התחייבויות שוטפות,2,,0,0
3,30/03/2022,30/03/2022,52,31,19867,2022,35,2,3,7522,0,601,העברה 3/22,,,0,0,0,0,7522,0,2,"מע""מ תשומות",,,,,4020,זכאים ויתרות זכות,4000,התחייבויות שוטפות,2,,0,0
3,30/03/2022,30/03/2022,59,31,19869,2022,36,2,3,0.44,0,3,העברה 3/22,,,0,0,0,0,0.44,0,2,"מע""מ תשומות",,,,,4020,זכאים ויתרות זכות,4000,התחייבויות שוטפות,2,,0,0
3,30/03/2022,30/03/2022,59,31,19870,2022,37,1,3,0.88,0,3,העברה 3/22,,,0,0,0,0.88,0,0,2,"מע""מ תשומות",,,,,4020,זכאים ויתרות זכות,4000,התחייבויות שוטפות,2,,0,0
4,31/03/2022,31/03/2022,75,31,19694,2022,4,1,3,111.01,0,200,חומרי בנין,18095,,0,0,0,111.01,0,0,2,"מע""מ תשומות",,,,,4020,זכאים ויתרות זכות,4000,התחייבויות שוטפות,2,,0,0
4,02/04/2022,02/04/2022,51,31,19717,2022,13,1,3,10.32,0,250,תמי 4 דמי מסלול,87956,1,0,0,0,10.32,0,0,2,"מע""מ תשומות",,,,,4020,זכאים ויתרות זכות,4000,התחייבויות שוטפות,2,,0,0
4,15/04/2022,15/04/2022,43,31,19697,2022,5,1,3,16.71,0,250,שנאי למחשב,1451,1,0,0,0,16.71,0,0,2,"מע""מ תשומות",,,,,4020,זכאים ויתרות זכות,4000,התחייבויות שוטפות,2,,0,0
4,17/04/2022,17/04/2022,20236,31,19705,2022,8,1,3,2422.5,0,200,יעוץ מכירות,3,,0,0,0,2422.5,0,0,2,"מע""מ תשומות",,,,,4020,זכאים ויתרות זכות,4000,התחייבויות שוטפות,2,,0,0
4,19/04/2022,19/04/2022,20150,31,19724,2022,16,1,3,4.53,0,208,פרטנר 19.3-18.4.22,1151790423,,0,0,0,4.53,0,0,2,"מע""מ תשומות",,,,,4020,זכאים ויתרות זכות,4000,התחייבויות שוטפות,2,,0,0
4,27/04/2022,27/04/2022,80,31,19700,2022,6,1,3,1387.9,0,222,יעוץ משפטי,2003,,0,0,0,1387.9,0,0,2,"מע""מ תשומות",,,,,4020,זכאים ויתרות זכות,4000,התחייבויות שוטפות,2,,0,0
4,30/04/2022,30/04/2022,20130,31,19710,2022,10,1,3,1773.23,0,200,ברזל,173079,,0,0,0,1773.23,0,0,2,"מע""מ תשומות",,,,,4020,זכאים ויתרות זכות,4000,התחייבויות שוטפות,2,,0,0
4,30/04/2022,30/04/2022,52,31,19875,2022,94,2,3,5726,0,601,העברה 4/22,,,0,0,0,0,5726,0,2,"מע""מ תשומות",,,,,4020,זכאים ויתרות זכות,4000,התחייבויות שוטפות,2,,0,0
4,30/04/2022,30/04/2022,59,31,19873,2022,95,2,3,0.2,0,3,העברה 4/22,,,0,0,0,0,0.2,0,2,"מע""מ תשומות",,,,,4020,זכאים ויתרות זכות,4000,התחייבויות שוטפות,2,,0,0
,,,,31,,2022,,,52,,,,יתרת פתיחה,,,,,,8021542.09,8027963.09,,2,"מע""מ חו""ז",,,,,4020,זכאים ויתרות זכות,4000,התחייבויות שוטפות,2,,0,0
3,19/01/2022,19/01/2022,41,31,19643,2022,16,2,52,2941,0,3,"החזר מע""מ",,,0,0,0,0,2941,0,2,"מע""מ חו""ז",,,,,4020,זכאים ויתרות זכות,4000,התחייבויות שוטפות,2,,0,0
1,31/01/2022,31/01/2022,3,31,19682,2022,16,1,52,1256,0,601,העברה 1/22,,,0,0,0,1256,0,0,2,"מע""מ חו""ז",,,,,4020,זכאים ויתרות זכות,4000,התחייבויות שוטפות,2,,0,0
2,28/02/2022,28/02/2022,3,31,19678,2022,8,1,52,225,0,601,העברה 2/22,,,0,0,0,225,0,0,2,"מע""מ חו""ז",,,,,4020,זכאים ויתרות זכות,4000,התחייבויות שוטפות,2,,0,0
4,24/03/2022,24/03/2022,41,31,19754,2022,31,2,52,1481,0,3,"החזר מע""מ",,,0,0,0,0,1481,0,2,"מע""מ חו""ז",,,,,4020,זכאים ויתרות זכות,4000,התחייבויות שוטפות,2,,0,0
3,30/03/2022,30/03/2022,3,31,19866,2022,35,1,52,7522,0,601,העברה 3/22,,,0,0,0,7522,0,0,2,"מע""מ חו""ז",,,,,4020,זכאים ויתרות זכות,4000,התחייבויות שוטפות,2,,0,0
4,30/04/2022,30/04/2022,3,31,19874,2022,94,1,52,5726,0,601,העברה 4/22,,,0,0,0,5726,0,0,2,"מע""מ חו""ז",,,,,4020,זכאים ויתרות זכות,4000,התחייבויות שוטפות,2,,0,0
,,,,31,,2022,,,53,,,,יתרת פתיחה,,,,,,29888,29888,,2,ניכוי מס במקור מספקים,,,,,4020,זכאים ויתרות זכות,4000,התחייבויות שוטפות,2,,0,0
,,,,31,,2022,,,63,,,,יתרת פתיחה,,,,,,0,0,,2,"ניכוי מע""מ במקור מספקים",(חשבונית עצמית),,,,4020,זכאים ויתרות זכות,4000,התחייבויות שוטפות,2,,0,0
,,,,31,,2022,,,220,,,,יתרת פתיחה,,,,,,101527,101527,,2,"חו""ז קרן השתלמות",,,,,4020,זכאים ויתרות זכות,4000,התחייבויות שוטפות,2,,0,0
,,,,31,,2022,,,20000,,,,יתרת פתיחה,,,,,,182742,183867,,2,"חו""ז בטוח לאומי",,,,,4020,זכאים ויתרות זכות,4000,התחייבויות שוטפות,2,,0,0
4,11/01/2022,11/01/2022,,31,19813,2022,60,1,20000,1125,0,1,ב.ל. 12/21,,,0,0,0,1125,0,0,2,"חו""ז בטוח לאומי",,,,,4020,זכאים ויתרות זכות,4000,התחייבויות שוטפות,2,,0,0
,,,,31,,2022,,,20066,,,,יתרת פתיחה,,,,,,286718.35,317889.93,,2, כלל חברה לביטוח,,,,,4020,זכאים ויתרות זכות,4000,התחייבויות שוטפות,2,,0,0
3,10/01/2022,10/01/2022,41,31,19626,2022,8,1,20066,2132.91,0,3,כלל חיים,,,0,0,0,2132.91,0,0,2, כלל חברה לביטוח,,,,,4020,זכאים ויתרות זכות,4000,התחייבויות שוטפות,2,,0,0
3,10/02/2022,10/02/2022,41,31,19648,2022,19,1,20066,2139.32,0,3,כלל חיוב,,,0,0,0,2139.32,0,0,2, כלל חברה לביטוח,,,,,4020,זכאים ויתרות זכות,4000,התחייבויות שוטפות,2,,0,0
3,10/03/2022,10/03/2022,41,31,19658,2022,24,1,20066,2143.37,0,3,כלל חיים,,,0,0,0,2143.37,0,0,2, כלל חברה לביטוח,,,,,4020,זכאים ויתרות זכות,4000,התחייבויות שוטפות,2,,0,0
4,10/04/2022,10/04/2022,41,31,19775,2022,42,1,20066,2158.04,0,3,כלל,,,0,0,0,2158.04,0,0,2, כלל חברה לביטוח,,,,,4020,זכאים ויתרות זכות,4000,התחייבויות שוטפות,2,,0,0
,,,,32,,2022,,,51,,,,יתרת פתיחה,,,,,,2722203.31,2731613.24,,2,"אמריקן אקספרס בע""מ",,,,,4020,זכאים ויתרות זכות,4000,התחייבויות שוטפות,2,,0,0
1,06/01/2022,06/01/2022,16,32,19557,2022,2,2,51,200,1173,250,חומרי בנין,,1,0,0,0,0,200,0,2,"אמריקן אקספרס בע""מ",,,,,4020,זכאים ויתרות זכות,4000,התחייבויות שוטפות,2,,0,0
1,06/01/2022,06/01/2022,43,32,19827,2022,19,1,51,200,1173,3,חומרי בנין,,1,0,0,0,200,0,0,2,"אמריקן אקספרס בע""מ",,,,,4020,זכאים ויתרות זכות,4000,התחייבויות שוטפות,2,,0,0
1,13/01/2022,13/01/2022,16,32,19560,2022,3,2,51,76,1175,250,חומרי בנין,120389,1,0,0,0,0,76,0,2,"אמריקן אקספרס בע""מ",,,,,4020,זכאים ויתרות זכות,4000,התחייבויות שוטפות,2,,0,0
1,13/01/2022,13/01/2022,16,32,19563,2022,4,2,51,69,1174,250,חומרי בנין,120392,1,0,0,0,0,69,0,2,"אמריקן אקספרס בע""מ",,,,,4020,זכאים ויתרות זכות,4000,התחייבויות שוטפות,2,,0,0
1,13/01/2022,13/01/2022,43,32,19829,2022,20,1,51,69,1174,3,חומרי בנין,120392,1,0,0,0,69,0,0,2,"אמריקן אקספרס בע""מ",,,,,4020,זכאים ויתרות זכות,4000,התחייבויות שוטפות,2,,0,0
1,13/01/2022,13/01/2022,43,32,19831,2022,21,1,51,76,1175,3,חומרי בנין,120389,1,0,0,0,76,0,0,2,"אמריקן אקספרס בע""מ",,,,,4020,זכאים ויתרות זכות,4000,התחייבויות שוטפות,2,,0,0
1,15/01/2022,15/01/2022,20118,32,19585,2022,12,2,51,30,1168,3,הוט 16.12.21-15.1.22,105064663,,0,0,0,0,30,0,2,"אמריקן אקספרס בע""מ",,,,,4020,זכאים ויתרות זכות,4000,התחייבויות שוטפות,2,,0,0
3,16/01/2022,16/01/2022,41,32,19628,2022,9,1,51,5374.86,1165,3,א.אקספרס,,,0,0,0,5374.86,0,0,2,"אמריקן אקספרס בע""מ",,,,,4020,זכאים ויתרות זכות,4000,התחייבויות שוטפות,2,,0,0
4,16/01/2022,16/01/2022,59,32,19796,2022,53,2,51,2376.93,1165,3,הפרש ויזה,256369,,0,0,0,0,2376.93,0,2,"אמריקן אקספרס בע""מ",,,,,4020,זכאים ויתרות זכות,4000,התחייבויות שוטפות,2,,0,0
4,16/01/2022,16/01/2022,,32,19808,2022,55,1,51,24.43,1166,1,דרך ארץ חיוב,,,0,0,0,24.43,0,0,2,"אמריקן אקספרס בע""מ",,,,,4020,זכאים ויתרות זכות,4000,התחייבויות שוטפות,2,,0,0
4,16/01/2022,16/01/2022,,32,19809,2022,56,1,51,93.89,1166,1,הוט TV,,,0,0,0,93.89,0,0,2,"אמריקן אקספרס בע""מ",,,,,4020,זכאים ויתרות זכות,4000,התחייבויות שוטפות,2,,0,0
4,16/01/2022,16/01/2022,,32,19810,2022,57,1,51,120.11,1166,1,פנגו חניה,,,0,0,0,120.11,0,0,2,"אמריקן אקספרס בע""מ",,,,,4020,זכאים ויתרות זכות,4000,התחייבויות שוטפות,2,,0,0
1,19/01/2022,19/01/2022,20150,32,19592,2022,15,2,51,275.89,1168,3,פרטנר 19.12.21-18.1.22,,,0,0,0,0,275.89,0,2,"אמריקן אקספרס בע""מ",,,,,4020,זכאים ויתרות זכות,4000,התחייבויות שוטפות,2,,0,0
4,20/01/2022,20/01/2022,20151,32,19804,2022,51,2,51,26.68,1168,3,נסיעה בכביש 6,,,0,0,0,0,26.68,0,2,"אמריקן אקספרס בע""מ",,,,,4020,זכאים ויתרות זכות,4000,התחייבויות שוטפות,2,,0,0
1,22/01/2022,22/01/2022,23,32,19578,2022,9,2,51,69.45,1170,3,הוט 23.12.21-22.1.22 - אינטרנט,,,0,0,0,0,69.45,0,2,"אמריקן אקספרס בע""מ",,,,,4020,זכאים ויתרות זכות,4000,התחייבויות שוטפות,2,,0,0
1,22/01/2022,22/01/2022,23,32,19821,2022,18,1,51,69.45,1170,3,הוט 23.12.21-22.1.22 - אינטרנט,,,0,0,0,69.45,0,0,2,"אמריקן אקספרס בע""מ",,,,,4020,זכאים ויתרות זכות,4000,התחייבויות שוטפות,2,,0,0
1,23/01/2022,23/01/2022,16,32,19556,2022,1,2,51,35,1176,3,חומרי בנין,,1,0,0,0,0,35,0,2,"אמריקן אקספרס בע""מ",,,,,4020,זכאים ויתרות זכות,4000,התחייבויות שוטפות,2,,0,0
1,23/01/2022,23/01/2022,43,32,19833,2022,22,1,51,35,1176,3,חומרי בנין,,1,0,0,0,35,0,0,2,"אמריקן אקספרס בע""מ",,,,,4020,זכאים ויתרות זכות,4000,התחייבויות שוטפות,2,,0,0
2,02/02/2022,02/02/2022,19,32,19603,2022,5,2,51,71,1169,250,דמי מסלול תמי 4,370548,1,0,0,0,0,71,0,2,"אמריקן אקספרס בע""מ",,,,,4020,זכאים ויתרות זכות,4000,התחייבויות שוטפות,2,,0,0
2,02/02/2022,02/02/2022,18,32,19607,2022,6,2,51,37.18,0,3,גוגל,69702,,0,0,0,0,37.18,0,2,"אמריקן אקספרס בע""מ",,,,,4020,זכאים ויתרות זכות,4000,התחייבויות שוטפות,2,,0,0
2,09/02/2022,15/02/2022,18,32,19609,2022,7,2,51,6.5,1169,3,גוגל,,,0,0,0,0,6.5,0,2,"אמריקן אקספרס בע""מ",,,,,4020,זכאים ויתרות זכות,4000,התחייבויות שוטפות,2,,0,0
4,11/02/2022,11/02/2022,43,32,19843,2022,69,2,51,221,1178,2,טומי אילת,,,0,0,0,0,221,0,2,"אמריקן אקספרס בע""מ",,,,,4020,זכאים ויתרות זכות,4000,התחייבויות שוטפות,2,,0,0
4,11/02/2022,11/02/2022,,32,19844,2022,70,2,51,221,1178,2,טומי אילת,,,0,0,0,0,221,0,2,"אמריקן אקספרס בע""מ",,,,,4020,זכאים ויתרות זכות,4000,התחייבויות שוטפות,2,,0,0
4,11/02/2022,11/02/2022,,32,19845,2022,71,2,51,221,0,2,טומי אילת,,,0,0,0,0,221,0,2,"אמריקן אקספרס בע""מ",,,,,4020,זכאים ויתרות זכות,4000,התחייבויות שוטפות,2,,0,0
4,11/02/2022,11/02/2022,,32,19846,2022,72,2,51,221,0,2,טומי אילת,,,0,0,0,0,221,0,2,"אמריקן אקספרס בע""מ",,,,,4020,זכאים ויתרות זכות,4000,התחייבויות שוטפות,2,,0,0
4,11/02/2022,11/02/2022,,32,19850,2022,77,1,51,221,1178,1,טומי אילת,,,0,0,0,221,0,0,2,"אמריקן אקספרס בע""מ",,,,,4020,זכאים ויתרות זכות,4000,התחייבויות שוטפות,2,,0,0
4,11/02/2022,11/02/2022,,32,19860,2022,88,1,51,221,1178,1,טומי אילת,,,0,0,0,221,0,0,2,"אמריקן אקספרס בע""מ",,,,,4020,זכאים ויתרות זכות,4000,התחייבויות שוטפות,2,,0,0
3,15/02/2022,15/02/2022,41,32,19650,2022,20,1,51,3130.53,1168,3,א.אקספרס,,,0,0,0,3130.53,0,0,2,"אמריקן אקספרס בע""מ",,,,,4020,זכאים ויתרות זכות,4000,התחייבויות שוטפות,2,,0,0
4,15/02/2022,15/02/2022,59,32,19818,2022,62,2,51,515.83,1168,3,הפרש ויזה,,,0,0,0,0,515.83,0,2,"אמריקן אקספרס בע""מ",,,,,4020,זכאים ויתרות זכות,4000,התחייבויות שוטפות,2,,0,0
2,23/02/2022,23/02/2022,23,32,19823,2022,10,1,51,69.45,1171,3,הוט 23.1-22.2.22,,,0,0,0,69.45,0,0,2,"אמריקן אקספרס בע""מ",,,,,4020,זכאים ויתרות זכות,4000,התחייבויות שוטפות,2,,0,0
3,23/02/2022,23/02/2022,23,32,19663,2022,26,2,51,69.45,1171,3,הוט 23.1-22.2.22,,,0,0,0,0,69.45,0,2,"אמריקן אקספרס בע""מ",,,,,4020,זכאים ויתרות זכות,4000,התחייבויות שוטפות,2,,0,0
3,23/02/2022,23/02/2022,43,32,19665,2022,27,2,51,93.89,1169,3,הוט 23.1-22.2.22 NEXT TV,,,0,0,0,0,93.89,0,2,"אמריקן אקספרס בע""מ",,,,,4020,זכאים ויתרות זכות,4000,התחייבויות שוטפות,2,,0,0
4,28/02/2022,15/03/2022,18,32,19712,2022,11,2,51,37.56,0,3,גוגל ,66797,,0,0,0,0,37.56,0,2,"אמריקן אקספרס בע""מ",,,,,4020,זכאים ויתרות זכות,4000,התחייבויות שוטפות,2,,0,0
3,02/03/2022,02/03/2022,19,32,19670,2022,30,2,51,71,1177,250,תמי 4 דמי מסלול,729592,1,0,0,0,0,71,0,2,"אמריקן אקספרס בע""מ",,,,,4020,זכאים ויתרות זכות,4000,התחייבויות שוטפות,2,,0,0
2,09/03/2022,09/03/2022,27,32,19599,2022,3,2,51,1162,1169,3,אגרת רשם החברות 2022,,,0,0,0,0,1162,0,2,"אמריקן אקספרס בע""מ",,,,,4020,זכאים ויתרות זכות,4000,התחייבויות שוטפות,2,,0,0
3,15/03/2022,15/03/2022,41,32,19660,2022,25,1,51,4761.93,1169,3,א.אקספרס,,,0,0,0,4761.93,0,0,2,"אמריקן אקספרס בע""מ",,,,,4020,זכאים ויתרות זכות,4000,התחייבויות שוטפות,2,,0,0
4,15/03/2022,15/03/2022,59,32,19820,2022,75,2,51,1146.41,1169,3,הפרש ויזה,,,0,0,0,0,1146.41,0,2,"אמריקן אקספרס בע""מ",,,,,4020,זכאים ויתרות זכות,4000,התחייבויות שוטפות,2,,0,0
3,23/03/2022,23/03/2022,43,32,19667,2022,28,2,51,93.89,1177,3,הוט 23.2-22.3.22 NEXT TV,,,0,0,0,0,93.89,0,2,"אמריקן אקספרס בע""מ",,,,,4020,זכאים ויתרות זכות,4000,התחייבויות שוטפות,2,,0,0
3,23/03/2022,23/03/2022,23,32,19669,2022,29,2,51,69.45,1172,3,הוט 23.2-22.3.22 ,,,0,0,0,0,69.45,0,2,"אמריקן אקספרס בע""מ",,,,,4020,זכאים ויתרות זכות,4000,התחייבויות שוטפות,2,,0,0
3,23/03/2022,23/03/2022,23,32,19825,2022,34,1,51,69.45,1172,3,הוט 23.2-22.3.22 ,,,0,0,0,69.45,0,0,2,"אמריקן אקספרס בע""מ",,,,,4020,זכאים ויתרות זכות,4000,התחייבויות שוטפות,2,,0,0
4,31/03/2022,15/04/2022,18,32,19714,2022,12,2,51,36.31,0,3,גוגל ,91304,,0,0,0,0,36.31,0,2,"אמריקן אקספרס בע""מ",,,,,4020,זכאים ויתרות זכות,4000,התחייבויות שוטפות,2,,0,0
4,02/04/2022,02/04/2022,19,32,19715,2022,13,2,51,71,0,250,תמי 4 דמי מסלול,87956,1,0,0,0,0,71,0,2,"אמריקן אקספרס בע""מ",,,,,4020,זכאים ויתרות זכות,4000,התחייבויות שוטפות,2,,0,0
4,09/04/2022,15/04/2022,18,32,19719,2022,14,2,51,6.5,1177,3,גוגל,,,0,0,0,0,6.5,0,2,"אמריקן אקספרס בע""מ",,,,,4020,זכאים ויתרות זכות,4000,התחייבויות שוטפות,2,,0,0
4,15/04/2022,15/04/2022,41,32,19781,2022,45,1,51,1283.25,1177,3,א.אקספרס,,,0,0,0,1283.25,0,0,2,"אמריקן אקספרס בע""מ",,,,,4020,זכאים ויתרות זכות,4000,התחייבויות שוטפות,2,,0,0
4,15/04/2022,15/04/2022,69,32,19836,2022,86,2,51,937.53,1177,3,הפרש ויזה,,,0,0,0,0,937.53,0,2,"אמריקן אקספרס בע""מ",,,,,4020,זכאים ויתרות זכות,4000,התחייבויות שוטפות,2,,0,0
4,19/04/2022,19/04/2022,20150,32,19728,2022,18,2,51,644.25,0,3,פרטנר 19.3-18.4.22,1151790423,,0,0,0,0,644.25,0,2,"אמריקן אקספרס בע""מ",,,,,4020,זכאים ויתרות זכות,4000,התחייבויות שוטפות,2,,0,0
4,22/04/2022,22/04/2022,23,32,19730,2022,19,2,51,69.45,0,3,הוט - אינטרנט,,,0,0,0,0,69.45,0,2,"אמריקן אקספרס בע""מ",,,,,4020,זכאים ויתרות זכות,4000,התחייבויות שוטפות,2,,0,0
4,09/05/2022,15/05/2022,18,32,19788,2022,48,2,51,6.5,0,3,גוגל,,,0,0,0,0,6.5,0,2,"אמריקן אקספרס בע""מ",,,,,4020,זכאים ויתרות זכות,4000,התחייבויות שוטפות,2,,0,0
,,,,32,,2022,,,121,,,,יתרת פתיחה,,,,,,19000,19000,,2,הוצאות לשלם,,,,,4020,זכאים ויתרות זכות,4000,התחייבויות שוטפות,2,,0,0
,,,,32,,2022,,,19999,,,,יתרת פתיחה,,,,,,208404,209366,,2,מס הכנסה ניכויים,,,,,4020,זכאים ויתרות זכות,4000,התחייבויות שוטפות,2,,0,0
4,10/01/2022,10/01/2022,,32,19812,2022,59,1,19999,962,0,1,מ.ה. 11-12/21,,,0,0,0,962,0,0,2,מס הכנסה ניכויים,,,,,4020,זכאים ויתרות זכות,4000,התחייבויות שוטפות,2,,0,0
,,,,32,,2022,,,20167,,,,יתרת פתיחה,,,,,,17000,17000,,2,הכשרה חברה לביטוח,,,,,4020,זכאים ויתרות זכות,4000,התחייבויות שוטפות,2,,0,0
,,,,35,,2022,,,165,,,,יתרת פתיחה,,,,,,6220269.05,15622741.05,,2,בנק דיסקונט הלוואות,,,,,5000,התחייבויות לזמן ארוך,5000,התחייבויות לזמן ארוך,2,,0,0
,,,,36,,2022,,,65,,,,יתרת פתיחה,,,,,,10915389.04,13457925.29,,2,"אלי גדות - חו""ז",,,,,5000,התחייבויות לזמן ארוך,5000,התחייבויות לזמן ארוך,2,,0,0
1,19/01/2022,19/01/2022,20150,36,19589,2022,14,1,65,139.46,0,3,פרטנר 19.12.21-18.1.22,9546870122,,0,0,0,139.46,0,0,2,"אלי גדות - חו""ז",,,,,5000,התחייבויות לזמן ארוך,5000,התחייבויות לזמן ארוך,2,,0,0
4,26/01/2022,26/01/2022,,36,19839,2022,65,1,65,93.89,0,1,הוט TV,,,0,0,0,93.89,0,0,2,"אלי גדות - חו""ז",,,,,5000,התחייבויות לזמן ארוך,5000,התחייבויות לזמן ארוך,2,,0,0
4,27/01/2022,27/01/2022,,36,19840,2022,66,1,65,49.44,0,1,פנגו חניה,,,0,0,0,49.44,0,0,2,"אלי גדות - חו""ז",,,,,5000,התחייבויות לזמן ארוך,5000,התחייבויות לזמן ארוך,2,,0,0
4,11/02/2022,11/02/2022,,36,19842,2022,68,1,65,1108.4,0,1,טומי אילת,,,0,0,0,1108.4,0,0,2,"אלי גדות - חו""ז",,,,,5000,התחייבויות לזמן ארוך,5000,התחייבויות לזמן ארוך,2,,0,0
4,21/02/2022,21/02/2022,,36,19853,2022,80,1,65,110.12,0,1,נסיעה בכביש 6,,,0,0,0,110.12,0,0,2,"אלי גדות - חו""ז",,,,,5000,התחייבויות לזמן ארוך,5000,התחייבויות לזמן ארוך,2,,0,0
4,24/02/2022,24/02/2022,,36,19854,2022,81,1,65,179.17,0,1,ביטוח דירה,,,0,0,0,179.17,0,0,2,"אלי גדות - חו""ז",,,,,5000,התחייבויות לזמן ארוך,5000,התחייבויות לזמן ארוך,2,,0,0
4,27/02/2022,27/02/2022,,36,19855,2022,82,1,65,22.19,0,1,פנגו חניה,,,0,0,0,22.19,0,0,2,"אלי גדות - חו""ז",,,,,5000,התחייבויות לזמן ארוך,5000,התחייבויות לזמן ארוך,2,,0,0
4,13/03/2022,13/03/2022,41,36,19734,2022,21,2,65,50000,0,3,הלוואת בעלים,,,0,0,0,0,50000,0,2,"אלי גדות - חו""ז",,,,,5000,התחייבויות לזמן ארוך,5000,התחייבויות לזמן ארוך,2,,0,0
4,21/03/2022,21/03/2022,,36,19862,2022,90,1,65,108.13,0,1,נסיעה בכביש 6,,,0,0,0,108.13,0,0,2,"אלי גדות - חו""ז",,,,,5000,התחייבויות לזמן ארוך,5000,התחייבויות לזמן ארוך,2,,0,0
4,25/03/2022,25/03/2022,,36,19863,2022,91,1,65,180.74,0,1,ביטוח דירה,,,0,0,0,180.74,0,0,2,"אלי גדות - חו""ז",,,,,5000,התחייבויות לזמן ארוך,5000,התחייבויות לזמן ארוך,2,,0,0
4,03/04/2022,03/04/2022,41,36,19764,2022,36,2,65,50000,0,3,הלוואת בעלים,,,0,0,0,0,50000,0,2,"אלי גדות - חו""ז",,,,,5000,התחייבויות לזמן ארוך,5000,התחייבויות לזמן ארוך,2,,0,0
,,,,40,,2022,,,54,,,,יתרת פתיחה,,,,,,0,1000,,2,הון מניות,,,,,6000,הון מניות,6000,הון,2,,0,0
,,,,42,,2022,,,55,,,,יתרת פתיחה,,,,,,1461.74,1461.74,,2,יתרות פתיחה,,,,,6000,הון מניות,6000,הון,2,,0,0
,,,,42,,2022,,,58,,,,יתרת פתיחה,,,,,,385812.11,3104705.91,,2,עודפים יתרת רווח,,,,,6000,הון מניות,6000,הון,2,,0,0
,,,,9110,,2022,,,153,,,,יתרת פתיחה,,,,,,1125.66,1125.66,,2,"בנק הפועלים 200403 מט""ח אירו",,,,,4000, בנקים והלוואות לזמן קצר,4000,התחייבויות שוטפות,2,,0,0
,,,,9120,,2022,,,126,,,,יתרת פתיחה,,,,,,18049526.89,20549663.88,,2,בנק הפועלים הלוואה,,,,,4000, בנקים והלוואות לזמן קצר,4000,התחייבויות שוטפות,2,,0,0
,,,,9190,,2022,,,237,,,,יתרת פתיחה,,,,,,0,3500000,,2,גמליאל מרים,,,,,4000, בנקים והלוואות לזמן קצר,4000,התחייבויות שוטפות,2,,0,0
,,,,9210,,2022,,,20134,,,,יתרת פתיחה,,,,,,102952.4,102952.4,,2,"שפיר מבנים תעשיות (2002) בע""מ",,3,9169500,,4010,ספקים ונותני שירותים,4000,התחייבויות שוטפות,2,,0,0
,,,,9210,,2022,,,20135,,,,יתרת פתיחה,,,,,,25991,25991,,2,"יעל שאיבות בטון בע""מ",,50,4490888,,4010,ספקים ונותני שירותים,4000,התחייבויות שוטפות,2,,0,0
,,,,9210,,2022,,,20136,,,,יתרת פתיחה,,,,,,53411,53411,,2,פריינטה - איטום ושיקום מבנים,,50,4505031,,4010,ספקים ונותני שירותים,4000,התחייבויות שוטפות,2,,0,0
,,,,9210,,2022,,,20137,,,,יתרת פתיחה,,,,,,69379,69379,,2,שיך עבד עבדאללה,,52,4287795,,4010,ספקים ונותני שירותים,4000,התחייבויות שוטפות,2,,0,0
,,,,9210,,2022,,,20138,,,,יתרת פתיחה,,,,,,40228,40228,,2,"קידוחי ירכא (2001) בע""מ",,4,9964666,,4010,ספקים ונותני שירותים,4000,התחייבויות שוטפות,2,,0,0
,,,,9210,,2022,,,20139,,,,יתרת פתיחה,,,,,,9952,9952,,2,"חדיגה יזאן סחר, שיווק, ניהול פ",,,,,4010,ספקים ונותני שירותים,4000,התחייבויות שוטפות,2,,0,0
,,,,9210,,2022,,,20184,,,,יתרת פתיחה,,,,,,42491,42491,,2,"דלקלומט בע""מ",,,,,4010,ספקים ונותני שירותים,4000,התחייבויות שוטפות,2,,0,0
,,,,9230,,2022,,,61,,,,יתרת פתיחה,,,,,,245659,245659,,2,שיקים לפרעון,,,,,4010,ספקים ונותני שירותים,4000,התחייבויות שוטפות,2,,0,0
,,,,9350,,2022,,,204,,,,יתרת פתיחה,,,,,,60774,60774,,2,מס הכנסה 2014,,,,,4020,זכאים ויתרות זכות,4000,התחייבויות שוטפות,2,,0,0
,,,,9490,,2022,,,140,,,,יתרת פתיחה,,,,,,107000,107000,,2,הפרשה להשלמת עבודות,,,,,4020,זכאים ויתרות זכות,4000,התחייבויות שוטפות,2,,0,0
,,,,9710,,2022,,,125,,,,יתרת פתיחה,,,,,,4300,4300,,2,עתודה לפיצויים,,,,,5200,התחייבויות בשל סיום יחסי עובד-מעביד,5200,עתודה לפיצויי פרישה נטו,2,,0,0
4,09/01/2022,09/01/2022,,81,19814,2022,61,1,18,6.5,0,1,גוגל,,,0,0,43,6.5,0,0,3,הוצאות משרדיות,,,,,7600,הוצאות הנהלה וכלליות,7600,הוצאות כלליות,3,,0,0
4,01/02/2022,01/02/2022,,81,19841,2022,67,1,18,55,0,1,נסח טאבו,,,0,0,43,55,0,0,3,הוצאות משרדיות,,,,,7600,הוצאות הנהלה וכלליות,7600,הוצאות כלליות,3,,0,0
2,02/02/2022,02/02/2022,51,81,19606,2022,6,1,18,37.18,0,3,גוגל,69702,,0,0,43,37.18,0,0,3,הוצאות משרדיות,,,,,7600,הוצאות הנהלה וכלליות,7600,הוצאות כלליות,3,,0,0
2,09/02/2022,15/02/2022,51,81,19608,2022,7,1,18,6.5,0,3,גוגל,,,0,0,43,6.5,0,0,3,הוצאות משרדיות,,,,,7600,הוצאות הנהלה וכלליות,7600,הוצאות כלליות,3,,0,0
4,09/02/2022,09/02/2022,,81,19848,2022,74,1,18,6.5,0,1,גוגל,,,0,0,43,6.5,0,0,3,הוצאות משרדיות,,,,,7600,הוצאות הנהלה וכלליות,7600,הוצאות כלליות,3,,0,0
4,28/02/2022,15/03/2022,51,81,19711,2022,11,1,18,37.56,0,3,גוגל ,66797,,0,0,43,37.56,0,0,3,הוצאות משרדיות,,,,,7600,הוצאות הנהלה וכלליות,7600,הוצאות כלליות,3,,0,0
4,31/03/2022,15/04/2022,51,81,19713,2022,12,1,18,36.31,0,3,גוגל ,91304,,0,0,43,36.31,0,0,3,הוצאות משרדיות,,,,,7600,הוצאות הנהלה וכלליות,7600,הוצאות כלליות,3,,0,0
4,09/04/2022,15/04/2022,51,81,19718,2022,14,1,18,6.5,0,3,גוגל,,,0,0,43,6.5,0,0,3,הוצאות משרדיות,,,,,7600,הוצאות הנהלה וכלליות,7600,הוצאות כלליות,3,,0,0
4,09/05/2022,15/05/2022,51,81,19787,2022,48,1,18,6.5,0,3,גוגל,,,0,0,43,6.5,0,0,3,הוצאות משרדיות,,,,,7600,הוצאות הנהלה וכלליות,7600,הוצאות כלליות,3,,0,0
4,02/01/2022,02/01/2022,,81,19838,2022,64,1,19,71,0,1,דמי מסלול תמי 4,,,0,0,43,71,0,0,3,אחזקה,,,,,7600,הוצאות הנהלה וכלליות,7600,הוצאות כלליות,3,,0,0
2,02/02/2022,02/02/2022,51,81,19604,2022,5,1,19,60.68,0,250,דמי מסלול תמי 4,370548,1,0,0,43,60.68,0,0,3,אחזקה,,,,,7600,הוצאות הנהלה וכלליות,7600,הוצאות כלליות,3,,0,0
3,02/03/2022,02/03/2022,51,81,19671,2022,30,1,19,60.68,0,250,תמי 4 דמי מסלול,729592,1,0,0,43,60.68,0,0,3,אחזקה,,,,,7600,הוצאות הנהלה וכלליות,7600,הוצאות כלליות,3,,0,0
4,02/04/2022,02/04/2022,51,81,19716,2022,13,1,19,60.68,0,250,תמי 4 דמי מסלול,87956,1,0,0,43,60.68,0,0,3,אחזקה,,,,,7600,הוצאות הנהלה וכלליות,7600,הוצאות כלליות,3,,0,0
4,15/04/2022,15/04/2022,43,81,19696,2022,5,1,19,98.29,0,250,שנאי למחשב,1451,1,0,0,43,98.29,0,0,3,אחזקה,,,,,7600,הוצאות הנהלה וכלליות,7600,הוצאות כלליות,3,,0,0
2,18/02/2022,18/02/2022,43,81,19601,2022,4,1,20,201,0,250,מים 28.10-31.12.21,470,1,0,0,43,201,0,0,3,חשמל,,,,,7600,הוצאות הנהלה וכלליות,7600,הוצאות כלליות,3,,0,0
1,16/01/2022,16/01/2022,43,81,19579,2022,10,1,21,934.4,0,3,מיסי עיריה 1-2/22,,,0,0,43,934.4,0,0,3,ארנונה ומים,,,,,7600,הוצאות הנהלה וכלליות,7600,הוצאות כלליות,3,,0,0
3,15/03/2022,15/03/2022,43,81,19610,2022,1,1,21,936.27,0,3,מיסי עיריה 3-4/22,,,0,0,43,936.27,0,0,3,ארנונה ומים,,,,,7600,הוצאות הנהלה וכלליות,7600,הוצאות כלליות,3,,0,0
1,15/01/2022,15/01/2022,20118,81,19582,2022,11,1,23,25.64,0,207,הוט 16.12.21-15.1.22,105064663,,0,0,43,25.64,0,0,3,טלפון בזק,,,,,7600,הוצאות הנהלה וכלליות,7600,הוצאות כלליות,3,,0,0
1,22/01/2022,22/01/2022,51,81,19577,2022,9,1,23,69.45,0,3,הוט 23.12.21-22.1.22 - אינטרנט,,,0,0,43,69.45,0,0,3,טלפון בזק,,,,,7600,הוצאות הנהלה וכלליות,7600,הוצאות כלליות,3,,0,0
1,22/01/2022,22/01/2022,51,81,19822,2022,18,2,23,69.45,0,3,הוט 23.12.21-22.1.22 - אינטרנט,,,0,0,43,0,69.45,0,3,טלפון בזק,,,,,7600,הוצאות הנהלה וכלליות,7600,הוצאות כלליות,3,,0,0
4,20/02/2022,20/02/2022,,81,19852,2022,79,1,23,40.64,0,1,הוט אינטרנט,,,0,0,43,40.64,0,0,3,טלפון בזק,,,,,7600,הוצאות הנהלה וכלליות,7600,הוצאות כלליות,3,,0,0
2,23/02/2022,23/02/2022,51,81,19824,2022,10,2,23,69.45,0,3,הוט 23.1-22.2.22,,,0,0,43,0,69.45,0,3,טלפון בזק,,,,,7600,הוצאות הנהלה וכלליות,7600,הוצאות כלליות,3,,0,0
3,23/02/2022,23/02/2022,51,81,19662,2022,26,1,23,69.45,0,3,הוט 23.1-22.2.22,,,0,0,43,69.45,0,0,3,טלפון בזק,,,,,7600,הוצאות הנהלה וכלליות,7600,הוצאות כלליות,3,,0,0
4,20/03/2022,20/03/2022,,81,19861,2022,89,1,23,24.99,0,1,הוט אינטרנט,,,0,0,43,24.99,0,0,3,טלפון בזק,,,,,7600,הוצאות הנהלה וכלליות,7600,הוצאות כלליות,3,,0,0
3,23/03/2022,23/03/2022,51,81,19668,2022,29,1,23,69.45,0,3,הוט 23.2-22.3.22 ,,,0,0,43,69.45,0,0,3,טלפון בזק,,,,,7600,הוצאות הנהלה וכלליות,7600,הוצאות כלליות,3,,0,0
3,23/03/2022,23/03/2022,51,81,19826,2022,34,2,23,69.45,0,3,הוט 23.2-22.3.22 ,,,0,0,43,0,69.45,0,3,טלפון בזק,,,,,7600,הוצאות הנהלה וכלליות,7600,הוצאות כלליות,3,,0,0
4,22/04/2022,22/04/2022,51,81,19729,2022,19,1,23,69.45,0,3,הוט - אינטרנט,,,0,0,43,69.45,0,0,3,טלפון בזק,,,,,7600,הוצאות הנהלה וכלליות,7600,הוצאות כלליות,3,,0,0
1,19/01/2022,19/01/2022,20150,81,19587,2022,13,1,24,123.21,0,208,פרטנר 19.12.21-18.1.22,9546870122,,0,0,43,123.21,0,0,3,טלפון סלולרי,,,,,7600,הוצאות הנהלה וכלליות,7600,הוצאות כלליות,3,,0,0
4,19/04/2022,19/04/2022,20150,81,19720,2022,15,1,24,428.7,0,3,פרטנר 19.3-18.4.22,1151790422,,0,0,43,428.7,0,0,3,טלפון סלולרי,,,,,7600,הוצאות הנהלה וכלליות,7600,הוצאות כלליות,3,,0,0
4,19/04/2022,19/04/2022,20150,81,19723,2022,16,1,24,42.2,0,208,פרטנר 19.3-18.4.22,1151790423,,0,0,43,42.2,0,0,3,טלפון סלולרי,,,,,7600,הוצאות הנהלה וכלליות,7600,הוצאות כלליות,3,,0,0
2,09/03/2022,09/03/2022,51,81,19598,2022,3,1,27,1162,0,3,אגרת רשם החברות 2022,,,0,0,43,1162,0,0,3,משפטיות,,,,,7600,הוצאות הנהלה וכלליות,7600,הוצאות כלליות,3,,0,0
4,27/04/2022,27/04/2022,80,81,19699,2022,6,1,27,8164.1,0,222,יעוץ משפטי,2003,,0,0,43,8164.1,0,0,3,משפטיות,,,,,7600,הוצאות הנהלה וכלליות,7600,הוצאות כלליות,3,,0,0
2,16/01/2022,16/01/2022,43,81,19594,2022,1,1,29,1064.96,0,250,פרסום בגדי ספורט,676,1,0,0,43,1064.96,0,0,3,פרסום ושיווק,,,,,7600,הוצאות הנהלה וכלליות,7600,הוצאות כלליות,3,,0,0
4,09/01/2022,09/01/2022,,81,19811,2022,58,1,33,45,0,1,כיבוד,,,0,0,43,45,0,0,3,כיבוד ומתנות,,,,,7600,הוצאות הנהלה וכלליות,7600,הוצאות כלליות,3,,0,0
4,20/02/2022,20/02/2022,,81,19851,2022,78,1,33,55,0,1,קפה,,,0,0,43,55,0,0,3,כיבוד ומתנות,,,,,7600,הוצאות הנהלה וכלליות,7600,הוצאות כלליות,3,,0,0
4,16/01/2022,16/01/2022,51,81,19795,2022,53,1,59,2376.93,0,3,הפרש ויזה,256369,,0,0,43,2376.93,0,0,3,ביטול יתרות,,,,,7600,הוצאות הנהלה וכלליות,7600,הוצאות כלליות,3,,0,0
4,16/01/2022,16/01/2022,,81,19807,2022,54,2,59,2376.93,0,2,הפרש ויזה,,,0,0,43,0,2376.93,0,3,ביטול יתרות,,,,,7600,הוצאות הנהלה וכלליות,7600,הוצאות כלליות,3,,0,0
1,31/01/2022,31/01/2022,3,81,19685,2022,17,2,59,0.18,0,3,העברה 1/22,,,0,0,43,0,0.18,0,3,ביטול יתרות,,,,,7600,הוצאות הנהלה וכלליות,7600,הוצאות כלליות,3,,0,0
4,15/02/2022,15/02/2022,51,81,19817,2022,62,1,59,515.83,0,3,הפרש ויזה,,,0,0,43,515.83,0,0,3,ביטול יתרות,,,,,7600,הוצאות הנהלה וכלליות,7600,הוצאות כלליות,3,,0,0
4,15/02/2022,15/02/2022,,81,19837,2022,63,2,59,515.83,0,2,הפרש ויזה,,,0,0,43,0,515.83,0,3,ביטול יתרות,,,,,7600,הוצאות הנהלה וכלליות,7600,הוצאות כלליות,3,,0,0
2,28/02/2022,28/02/2022,3,81,19680,2022,9,1,59,0.53,0,3,העברה 2/22,,,0,0,43,0.53,0,0,3,ביטול יתרות,,,,,7600,הוצאות הנהלה וכלליות,7600,הוצאות כלליות,3,,0,0
4,15/03/2022,15/03/2022,51,81,19819,2022,75,1,59,1146.41,0,3,הפרש ויזה,,,0,0,43,1146.41,0,0,3,ביטול יתרות,,,,,7600,הוצאות הנהלה וכלליות,7600,הוצאות כלליות,3,,0,0
4,15/03/2022,15/03/2022,,81,19849,2022,76,2,59,1146.41,0,2,הפרש ויזה,,,0,0,43,0,1146.41,0,3,ביטול יתרות,,,,,7600,הוצאות הנהלה וכלליות,7600,הוצאות כלליות,3,,0,0
3,30/03/2022,30/03/2022,3,81,19868,2022,36,1,59,0.44,0,3,העברה 3/22,,,0,0,43,0.44,0,0,3,ביטול יתרות,,,,,7600,הוצאות הנהלה וכלליות,7600,הוצאות כלליות,3,,0,0
3,30/03/2022,30/03/2022,3,81,19871,2022,37,2,59,0.88,0,3,העברה 3/22,,,0,0,43,0,0.88,0,3,ביטול יתרות,,,,,7600,הוצאות הנהלה וכלליות,7600,הוצאות כלליות,3,,0,0
4,30/04/2022,30/04/2022,3,81,19872,2022,95,1,59,0.2,0,3,העברה 4/22,,,0,0,43,0.2,0,0,3,ביטול יתרות,,,,,7600,הוצאות הנהלה וכלליות,7600,הוצאות כלליות,3,,0,0
1,16/01/2022,16/01/2022,83,81,19573,2022,7,1,84,1000,0,212,"שכ""ט 1/22",14065,,0,0,43,1000,0,0,3,הוצאות הנהלת חשבונות וביקורת ,,,,,7600,הוצאות הנהלה וכלליות,7600,הוצאות כלליות,3,,0,0
3,21/03/2022,21/03/2022,83,81,19676,2022,32,1,84,500,0,221,"שכ""ט 2/22",14107,,0,0,43,500,0,0,3,הוצאות הנהלת חשבונות וביקורת ,,,,,7600,הוצאות הנהלה וכלליות,7600,הוצאות כלליות,3,,0,0
4,17/04/2022,17/04/2022,20236,81,19704,2022,8,1,180,14250,0,200,יעוץ מכירות,3,,0,0,1,14250,0,0,3,יעוץ,,,,,7600,הוצאות הנהלה וכלליות,7600,הוצאות כלליות,3,,0,0
3,04/01/2022,04/01/2022,41,90,19624,2022,7,1,39,10,0,3,עמ מסלול,,,0,0,44,10,0,0,3,ריבית ועמלות בנקים,,,,,8000,הוצאות מימון,8000,מימון נטו,3,,0,0
3,28/01/2022,28/01/2022,160,90,19622,2022,6,1,39,19160.55,0,3,רבית הלוואה,,,0,0,44,19160.55,0,0,3,ריבית ועמלות בנקים,,,,,8000,הוצאות מימון,8000,מימון נטו,3,,0,0
3,31/01/2022,31/01/2022,41,90,19644,2022,17,1,39,4246.58,0,3,רבית הלוואה,,,0,0,44,4246.58,0,0,3,ריבית ועמלות בנקים,,,,,8000,הוצאות מימון,8000,מימון נטו,3,,0,0
3,03/02/2022,03/02/2022,41,90,19646,2022,18,1,39,10,0,3,עמ מסלול,,,0,0,44,10,0,0,3,ריבית ועמלות בנקים,,,,,8000,הוצאות מימון,8000,מימון נטו,3,,0,0
4,15/02/2022,15/02/2022,,90,19847,2022,73,1,39,15.6,0,1,דמי כרטיס,,,0,0,44,15.6,0,0,3,ריבית ועמלות בנקים,,,,,8000,הוצאות מימון,8000,מימון נטו,3,,0,0
4,28/02/2022,28/02/2022,160,90,19731,2022,20,1,39,19160.55,0,3,רבית הלוואה,,,0,0,44,19160.55,0,0,3,ריבית ועמלות בנקים,,,,,8000,הוצאות מימון,8000,מימון נטו,3,,0,0
3,28/02/2022,28/02/2022,41,90,19654,2022,22,1,39,3835.62,0,3,רבית הלוואה,,,0,0,44,3835.62,0,0,3,ריבית ועמלות בנקים,,,,,8000,הוצאות מימון,8000,מימון נטו,3,,0,0
3,03/03/2022,03/03/2022,41,90,19656,2022,23,1,39,10,0,3,עמ מסלול,,,0,0,44,10,0,0,3,ריבית ועמלות בנקים,,,,,8000,הוצאות מימון,8000,מימון נטו,3,,0,0
4,15/03/2022,15/03/2022,,90,19858,2022,85,1,39,15.6,0,1,דמי כרטיס,,,0,0,44,15.6,0,0,3,ריבית ועמלות בנקים,,,,,8000,הוצאות מימון,8000,מימון נטו,3,,0,0
4,31/03/2022,31/03/2022,41,90,19755,2022,32,1,39,4.79,0,3,עמ אשראי,,,0,0,44,4.79,0,0,3,ריבית ועמלות בנקים,,,,,8000,הוצאות מימון,8000,מימון נטו,3,,0,0
4,31/03/2022,31/03/2022,41,90,19757,2022,33,1,39,675,0,3,דמי טיפול אשראי,,,0,0,44,675,0,0,3,ריבית ועמלות בנקים,,,,,8000,הוצאות מימון,8000,מימון נטו,3,,0,0
4,31/03/2022,31/03/2022,41,90,19761,2022,35,1,39,4246.58,0,3,רבית הלוואה,,,0,0,44,4246.58,0,0,3,ריבית ועמלות בנקים,,,,,8000,הוצאות מימון,8000,מימון נטו,3,,0,0
4,04/04/2022,04/04/2022,41,90,19767,2022,38,1,39,218.15,0,3,עמ אשראי,,,0,0,44,218.15,0,0,3,ריבית ועמלות בנקים,,,,,8000,הוצאות מימון,8000,מימון נטו,3,,0,0
4,04/04/2022,04/04/2022,41,90,19769,2022,39,1,39,10,0,3,עמ מסלול,,,0,0,44,10,0,0,3,ריבית ועמלות בנקים,,,,,8000,הוצאות מימון,8000,מימון נטו,3,,0,0
4,15/04/2022,15/04/2022,,90,19865,2022,93,1,39,15.6,0,1,דמי כרטיס,,,0,0,44,15.6,0,0,3,ריבית ועמלות בנקים,,,,,8000,הוצאות מימון,8000,מימון נטו,3,,0,0
4,01/05/2022,01/05/2022,41,90,19783,2022,46,1,39,4366.44,0,3,רבית הלוואה,,,0,0,44,4366.44,0,0,3,ריבית ועמלות בנקים,,,,,8000,הוצאות מימון,8000,מימון נטו,3,,0,0
4,01/05/2022,01/05/2022,41,90,19785,2022,47,1,39,10,0,3,עמ מסלול,,,0,0,44,10,0,0,3,ריבית ועמלות בנקים,,,,,8000,הוצאות מימון,8000,מימון נטו,3,,0,0
3,28/02/2022,28/02/2022,41,91,19653,2022,21,2,40,990.1,0,3,רבית פתאל אגח ג,,,0,0,44,0,990.1,0,3,הכנסות ריבית,,,,,8000,הוצאות מימון,8000,מימון נטו,3,,0,0
4,20/03/2022,20/03/2022,41,91,19752,2022,30,2,40,810.95,0,3,"רבית ני""ע ריט 1 אגח ז",1171271,,0,0,44,0,810.95,0,3,הכנסות ריבית,,,,,8000,הוצאות מימון,8000,מימון נטו,3,,0,0
4,31/03/2022,31/03/2022,41,91,19760,2022,34,2,40,496.24,0,3,רבית גזית גלוב אגח טז,,,0,0,44,0,496.24,0,3,הכנסות ריבית,,,,,8000,הוצאות מימון,8000,מימון נטו,3,,0,0
4,07/04/2022,07/04/2022,41,91,19774,2022,41,2,40,0.6,0,3,רבית פקדון,,,0,0,44,0,0.6,0,3,הכנסות ריבית,,,,,8000,הוצאות מימון,8000,מימון נטו,3,,0,0
1,06/01/2022,06/01/2022,51,2020,19558,2022,2,1,16,170.94,0,250,חומרי בנין,,1,0,0,41,170.94,0,0,3,קניות סחורה,,,,,7210,עלויות ייצור,7200,עלות העבוד והמכירות,3,,0,0
1,13/01/2022,13/01/2022,51,2020,19561,2022,3,1,16,64.96,0,250,חומרי בנין,120389,1,0,0,41,64.96,0,0,3,קניות סחורה,,,,,7210,עלויות ייצור,7200,עלות העבוד והמכירות,3,,0,0
1,13/01/2022,13/01/2022,51,2020,19564,2022,4,1,16,58.97,0,250,חומרי בנין,120392,1,0,0,41,58.97,0,0,3,קניות סחורה,,,,,7210,עלויות ייצור,7200,עלות העבוד והמכירות,3,,0,0
1,23/01/2022,23/01/2022,51,2020,19555,2022,1,1,16,35,0,3,חומרי בנין,,1,0,0,41,35,0,0,3,קניות סחורה,,,,,7210,עלויות ייצור,7200,עלות העבוד והמכירות,3,,0,0
1,26/01/2022,26/01/2022,20017,2020,19567,2022,5,1,16,-515.38,0,200,חומרי חשמל,352200051,,0,0,41,-515.38,0,0,3,קניות סחורה,,,,,7210,עלויות ייצור,7200,עלות העבוד והמכירות,3,,0,0
1,31/01/2022,31/01/2022,75,2020,19570,2022,6,1,16,6504.27,0,200,אבנים משתלבות,17832,,0,0,41,6504.27,0,0,3,קניות סחורה,,,,,7210,עלויות ייצור,7200,עלות העבוד והמכירות,3,,0,0
4,31/03/2022,31/03/2022,75,2020,19693,2022,4,1,16,652.99,0,200,חומרי בנין,18095,,0,0,41,652.99,0,0,3,קניות סחורה,,,,,7210,עלויות ייצור,7200,עלות העבוד והמכירות,3,,0,0
4,30/04/2022,30/04/2022,20130,2020,19709,2022,10,1,16,10430.77,0,200,ברזל,173079,,0,0,41,10430.77,0,0,3,קניות סחורה,,,,,7210,עלויות ייצור,7200,עלות העבוד והמכירות,3,,0,0
3,24/03/2022,24/03/2022,20235,2020,19613,2022,2,1,229,4083.76,0,200,צילומים,13890,,0,0,41,4083.76,0,0,3,הוצאות שונות,,,,,7210,עלויות ייצור,7200,עלות העבוד והמכירות,3,,0,0
3,17/03/2022,17/03/2022,20197,2020,19618,2022,4,1,231,39600,0,200,תכנון אדריכלי,50601,,0,0,41,39600,0,0,3,הוצאות מהנדסים ואדרכלים,,,,,7210,עלויות ייצור,7200,עלות העבוד והמכירות,3,,0,0
